/*
Real part of the temperature-dependent refractive index of pure fresh water.

Wang, S., Yang, P., Brindley, H.E., Huang, X. and L'ecuyer, T.S.,
2026. Enhanced full spectral temperature-dependent refractive index of
liquid water from supercooled to ambient conditions. Geophysical
Research Letters, 53(6), p.e2025GL119385.

Row 1: number of wavelengths and temperatures
Row 2: wavelength [mu]
Row 3: temperature [K]
From row 4: Refractive index for each wavelength and temperature 
*/

2000 7
3.4330000e-02 3.4666347e-02 3.5005990e-02 3.5348960e-02 3.5695291e-02 3.6045015e-02 3.6398165e-02 3.6754775e-02 3.7114879e-02 3.7478511e-02 3.7845706e-02 3.8216498e-02 3.8590923e-02 3.8969017e-02 3.9350815e-02 3.9736353e-02 4.0125669e-02 4.0518799e-02 4.0915781e-02 4.1316653e-02 4.1721451e-02 4.2130216e-02 4.2542986e-02 4.2959800e-02 4.3380697e-02 4.3805719e-02 4.4234904e-02 4.4668294e-02 4.5105931e-02 4.5547855e-02 4.5994109e-02 4.6444735e-02 4.6899776e-02 4.7359276e-02 4.7823277e-02 4.8291824e-02 4.8764962e-02 4.9242736e-02 4.9725190e-02 5.0212371e-02 5.0704326e-02 5.1201100e-02 5.1702742e-02 5.2209298e-02 5.2720817e-02 5.3237348e-02 5.3758940e-02 5.4285642e-02 5.4817504e-02 5.5354577e-02 5.5896912e-02 5.6444560e-02 5.6997575e-02 5.7556007e-02 5.8119910e-02 5.8689339e-02 5.9264346e-02 5.9844987e-02 6.0431317e-02 6.1023391e-02 6.1621266e-02 6.2224999e-02 6.2834647e-02 6.3450268e-02 6.4071920e-02 6.4699663e-02 6.5333556e-02 6.5973660e-02 6.6620035e-02 6.7272744e-02 6.7931847e-02 6.8597407e-02 6.9269488e-02 6.9948155e-02 7.0633470e-02 7.1325499e-02 7.2024309e-02 7.2729966e-02 7.3442536e-02 7.4162087e-02 7.4888688e-02 7.5622408e-02 7.6363317e-02 7.7111484e-02 7.7866982e-02 7.8629882e-02 7.9400256e-02 8.0178178e-02 8.0963722e-02 8.1756962e-02 8.2557974e-02 8.3366833e-02 8.4183618e-02 8.5008405e-02 8.5841272e-02 8.6682300e-02 8.7531568e-02 8.8389156e-02 8.9255146e-02 9.0129621e-02 9.1012664e-02 9.1904358e-02 9.2804789e-02 9.3714042e-02 9.4632203e-02 9.5559359e-02 9.6495600e-02 9.7441013e-02 9.8395689e-02 9.9359718e-02 1.0033319e-01 1.0131620e-01 1.0230885e-01 1.0331122e-01 1.0432340e-01 1.0534551e-01 1.0637763e-01 1.0741986e-01 1.0847231e-01 1.0953506e-01 1.1060823e-01 1.1169191e-01 1.1278621e-01 1.1389123e-01 1.1500707e-01 1.1613385e-01 1.1727167e-01 1.1842064e-01 1.1958086e-01 1.2075245e-01 1.2193552e-01 1.2313018e-01 1.2433654e-01 1.2555473e-01 1.2678485e-01 1.2802702e-01 1.2928136e-01 1.3054799e-01 1.3182703e-01 1.3311860e-01 1.3442283e-01 1.3573984e-01 1.3706974e-01 1.3841268e-01 1.3976877e-01 1.4113816e-01 1.4252095e-01 1.4391730e-01 1.4532732e-01 1.4675117e-01 1.4818896e-01 1.4964083e-01 1.5110694e-01 1.5258740e-01 1.5408237e-01 1.5559199e-01 1.5711640e-01 1.5865574e-01 1.6021017e-01 1.6177983e-01 1.6336486e-01 1.6496542e-01 1.6658167e-01 1.6821375e-01 1.6986182e-01 1.7152603e-01 1.7320655e-01 1.7490354e-01 1.7661715e-01 1.7834756e-01 1.8009491e-01 1.8185939e-01 1.8364115e-01 1.8544037e-01 1.8725722e-01 1.8909186e-01 1.9094449e-01 1.9281526e-01 1.9470436e-01 1.9661198e-01 1.9853828e-01 2.0048345e-01 2.0244768e-01 2.0443116e-01 2.0643407e-01 2.0845660e-01 2.1049895e-01 2.1256131e-01 2.1464387e-01 2.1674684e-01 2.1887041e-01 2.2101479e-01 2.2318017e-01 2.2536677e-01 2.2757480e-01 2.2980446e-01 2.3205596e-01 2.3432952e-01 2.3662536e-01 2.3894369e-01 2.4128474e-01 2.4364872e-01 2.4603586e-01 2.4844639e-01 2.5088054e-01 2.5333853e-01 2.5582061e-01 2.5832701e-01 2.6085796e-01 2.6341371e-01 2.6599450e-01 2.6860057e-01 2.7123218e-01 2.7388957e-01 2.7657300e-01 2.7928271e-01 2.8201898e-01 2.8478205e-01 2.8757220e-01 2.9038968e-01 2.9323476e-01 2.9610772e-01 2.9900883e-01 3.0193836e-01 3.0489660e-01 3.0788381e-01 3.1090030e-01 3.1394634e-01 3.1702222e-01 3.2012823e-01 3.2326468e-01 3.2643186e-01 3.2963007e-01 3.3285961e-01 3.3612079e-01 3.3941393e-01 3.4273933e-01 3.4609731e-01 3.4948819e-01 3.5291229e-01 3.5636994e-01 3.5986146e-01 3.6338720e-01 3.6694747e-01 3.7054263e-01 3.7417301e-01 3.7783896e-01 3.8154083e-01 3.8527897e-01 3.8905373e-01 3.9286547e-01 3.9671456e-01 4.0060136e-01 4.0452625e-01 4.0848958e-01 4.1249175e-01 4.1653312e-01 4.2061410e-01 4.2473505e-01 4.2889638e-01 4.3309849e-01 4.3734176e-01 4.4162660e-01 4.4595343e-01 4.5032264e-01 4.5473467e-01 4.5918992e-01 4.6368882e-01 4.6823180e-01 4.7281929e-01 4.7745173e-01 4.8212955e-01 4.8685320e-01 4.9162313e-01 4.9643980e-01 5.0130365e-01 5.0621516e-01 5.1117479e-01 5.1618301e-01 5.2124030e-01 5.2634714e-01 5.3150402e-01 5.3671141e-01 5.4196983e-01 5.4727977e-01 5.5264172e-01 5.5805622e-01 5.6352376e-01 5.6904487e-01 5.7462007e-01 5.8024990e-01 5.8593488e-01 5.9167556e-01 5.9747249e-01 6.0332621e-01 6.0923728e-01 6.1520627e-01 6.2123374e-01 6.2732026e-01 6.3346642e-01 6.3967279e-01 6.4593996e-01 6.5226854e-01 6.5865913e-01 6.6511233e-01 6.7162875e-01 6.7820901e-01 6.8485375e-01 6.9156358e-01 6.9833916e-01 7.0518112e-01 7.1209012e-01 7.1906680e-01 7.2611184e-01 7.3322590e-01 7.4040966e-01 7.4766381e-01 7.5498903e-01 7.6238601e-01 7.6985547e-01 7.7739811e-01 7.8501465e-01 7.9270581e-01 8.0047232e-01 8.0831493e-01 8.1623438e-01 8.2423141e-01 8.3230680e-01 8.4046130e-01 8.4869570e-01 8.5701077e-01 8.6540732e-01 8.7388612e-01 8.8244800e-01 8.9109376e-01 8.9982423e-01 9.0864023e-01 9.1754261e-01 9.2653221e-01 9.3560989e-01 9.4477650e-01 9.5403293e-01 9.6338004e-01 9.7281873e-01 9.8234990e-01 9.9197445e-01 1.0016933e+00 1.0115074e+00 1.0214176e+00 1.0314249e+00 1.0415302e+00 1.0517346e+00 1.0620390e+00 1.0724443e+00 1.0829515e+00 1.0935617e+00 1.1042758e+00 1.1150949e+00 1.1260201e+00 1.1370522e+00 1.1481925e+00 1.1594418e+00 1.1708014e+00 1.1822723e+00 1.1938556e+00 1.2055524e+00 1.2173638e+00 1.2292909e+00 1.2413348e+00 1.2534967e+00 1.2657779e+00 1.2781793e+00 1.2907022e+00 1.3033478e+00 1.3161173e+00 1.3290120e+00 1.3420329e+00 1.3551815e+00 1.3684588e+00 1.3818663e+00 1.3954051e+00 1.4090765e+00 1.4228819e+00 1.4368225e+00 1.4508998e+00 1.4651149e+00 1.4794694e+00 1.4939644e+00 1.5086015e+00 1.5233820e+00 1.5383073e+00 1.5533788e+00 1.5685980e+00 1.5839663e+00 1.5994852e+00 1.6151561e+00 1.6309805e+00 1.6469600e+00 1.6630961e+00 1.6793902e+00 1.6958440e+00 1.7124590e+00 1.7292368e+00 1.7461789e+00 1.7632871e+00 1.7805628e+00 1.7980078e+00 1.8156238e+00 1.8334123e+00 1.8513751e+00 1.8695139e+00 1.8878304e+00 1.9063264e+00 1.9250036e+00 1.9438638e+00 1.9629087e+00 1.9821403e+00 2.0015602e+00 2.0211705e+00 2.0409728e+00 2.0609692e+00 2.0811615e+00 2.1015516e+00 2.1221415e+00 2.1429332e+00 2.1639285e+00 2.1851295e+00 2.2065383e+00 2.2281568e+00 2.2499871e+00 2.2720313e+00 2.2942914e+00 2.3167697e+00 2.3394682e+00 2.3623891e+00 2.3855345e+00 2.4089067e+00 2.4325079e+00 2.4563404e+00 2.4804063e+00 2.5047080e+00 2.5292478e+00 2.5540281e+00 2.5790511e+00 2.6043193e+00 2.6298351e+00 2.6556008e+00 2.6816190e+00 2.7078921e+00 2.7344226e+00 2.7612130e+00 2.7882659e+00 2.8155839e+00 2.8431695e+00 2.8710254e+00 2.8991542e+00 2.9275586e+00 2.9562412e+00 2.9852049e+00 3.0144524e+00 3.0439864e+00 3.0738098e+00 3.1039254e+00 3.1343360e+00 3.1650446e+00 3.1960540e+00 3.2273673e+00 3.2589874e+00 3.2909172e+00 3.3231599e+00 3.3557184e+00 3.3885960e+00 3.4217957e+00 3.4553207e+00 3.4891741e+00 3.5233592e+00 3.5578792e+00 3.5927374e+00 3.6279372e+00 3.6634818e+00 3.6993747e+00 3.7356192e+00 3.7722188e+00 3.8091770e+00 3.8464974e+00 3.8841833e+00 3.9222385e+00 3.9606665e+00 3.9994711e+00 4.0386558e+00 4.0782244e+00 4.1181807e+00 4.1585285e+00 4.1992716e+00 4.2404138e+00 4.2819592e+00 4.3239116e+00 4.3662750e+00 4.4090534e+00 4.4522510e+00 4.4958718e+00 4.5399200e+00 4.5843998e+00 4.6293153e+00 4.6746709e+00 4.7204709e+00 4.7667196e+00 4.8134214e+00 4.8605808e+00 4.9082022e+00 4.9562902e+00 5.0048493e+00 5.0538842e+00 5.1033995e+00 5.1533999e+00 5.2038902e+00 5.2548752e+00 5.3063597e+00 5.3583486e+00 5.4108469e+00 5.4638596e+00 5.5173916e+00 5.5714481e+00 5.6260342e+00 5.6811551e+00 5.7368161e+00 5.7930224e+00 5.8497794e+00 5.9070925e+00 5.9649671e+00 6.0234087e+00 6.0824229e+00 6.1420152e+00 6.2021915e+00 6.2629573e+00 6.3243185e+00 6.3862808e+00 6.4488502e+00 6.5120327e+00 6.5758342e+00 6.6402607e+00 6.7053185e+00 6.7710137e+00 6.8373525e+00 6.9043413e+00 6.9719864e+00 7.0402943e+00 7.1092714e+00 7.1789243e+00 7.2492596e+00 7.3202841e+00 7.3920044e+00 7.4644273e+00 7.5375599e+00 7.6114089e+00 7.6859815e+00 7.7612847e+00 7.8373257e+00 7.9141117e+00 7.9916500e+00 8.0699480e+00 8.1490131e+00 8.2288529e+00 8.3094748e+00 8.3908867e+00 8.4730962e+00 8.5561112e+00 8.6399394e+00 8.7245890e+00 8.8100680e+00 8.8963844e+00 8.9835465e+00 9.0715626e+00 9.1604410e+00 9.2501901e+00 9.3408187e+00 9.4323351e+00 9.5247481e+00 9.6180666e+00 9.7122994e+00 9.8074554e+00 9.9035437e+00 1.0000573e+01 1.0098554e+01 1.0197494e+01 1.0297404e+01 1.0398292e+01 1.0500169e+01 1.0603044e+01 1.0706928e+01 1.0811828e+01 1.0917757e+01 1.1024723e+01 1.1132738e+01 1.1241811e+01 1.1351952e+01 1.1463172e+01 1.1575483e+01 1.1688893e+01 1.1803415e+01 1.1919058e+01 1.2035835e+01 1.2153756e+01 1.2272832e+01 1.2393075e+01 1.2514496e+01 1.2637106e+01 1.2760918e+01 1.2885942e+01 1.3012192e+01 1.3139679e+01 1.3268414e+01 1.3398411e+01 1.3529682e+01 1.3662239e+01 1.3796094e+01 1.3931261e+01 1.4067752e+01 1.4205581e+01 1.4344759e+01 1.4485302e+01 1.4627221e+01 1.4770531e+01 1.4915245e+01 1.5061377e+01 1.5208940e+01 1.5357949e+01 1.5508419e+01 1.5660362e+01 1.5813794e+01 1.5968729e+01 1.6125182e+01 1.6283168e+01 1.6442702e+01 1.6603799e+01 1.6766475e+01 1.6930744e+01 1.7096622e+01 1.7264126e+01 1.7433271e+01 1.7604073e+01 1.7776548e+01 1.7950714e+01 1.8126585e+01 1.8304180e+01 1.8483515e+01 1.8664606e+01 1.8847472e+01 1.9032130e+01 1.9218597e+01 1.9406891e+01 1.9597029e+01 1.9789031e+01 1.9982913e+01 2.0178695e+01 2.0376395e+01 2.0576033e+01 2.0777626e+01 2.0981194e+01 2.1186757e+01 2.1394333e+01 2.1603944e+01 2.1815608e+01 2.2029346e+01 2.2245178e+01 2.2463124e+01 2.2683206e+01 2.2905444e+01 2.3129860e+01 2.3356474e+01 2.3585309e+01 2.3816385e+01 2.4049725e+01 2.4285352e+01 2.4523287e+01 2.4763553e+01 2.5006174e+01 2.5251171e+01 2.5498569e+01 2.5748390e+01 2.6000660e+01 2.6255400e+01 2.6512637e+01 2.6772394e+01 2.7034696e+01 2.7299568e+01 2.7567034e+01 2.7837122e+01 2.8109855e+01 2.8385261e+01 2.8663365e+01 2.8944193e+01 2.9227773e+01 2.9514132e+01 2.9803296e+01 3.0095293e+01 3.0390150e+01 3.0687897e+01 3.0988561e+01 3.1292171e+01 3.1598755e+01 3.1908343e+01 3.2220964e+01 3.2536648e+01 3.2855425e+01 3.3177325e+01 3.3502379e+01 3.3830618e+01 3.4162073e+01 3.4496775e+01 3.4834756e+01 3.5176049e+01 3.5520685e+01 3.5868698e+01 3.6220121e+01 3.6574986e+01 3.6933329e+01 3.7295182e+01 3.7660581e+01 3.8029559e+01 3.8402153e+01 3.8778397e+01 3.9158328e+01 3.9541980e+01 3.9929392e+01 4.0320599e+01 4.0715639e+01 4.1114550e+01 4.1517368e+01 4.1924134e+01 4.2334884e+01 4.2749659e+01 4.3168498e+01 4.3591440e+01 4.4018526e+01 4.4449797e+01 4.4885292e+01 4.5325055e+01 4.5769126e+01 4.6217548e+01 4.6670363e+01 4.7127615e+01 4.7589346e+01 4.8055602e+01 4.8526425e+01 4.9001862e+01 4.9481956e+01 4.9966754e+01 5.0456303e+01 5.0950647e+01 5.1449835e+01 5.1953913e+01 5.2462930e+01 5.2976934e+01 5.3495975e+01 5.4020100e+01 5.4549361e+01 5.5083806e+01 5.5623489e+01 5.6168458e+01 5.6718767e+01 5.7274468e+01 5.7835613e+01 5.8402256e+01 5.8974451e+01 5.9552252e+01 6.0135713e+01 6.0724891e+01 6.1319842e+01 6.1920622e+01 6.2527287e+01 6.3139897e+01 6.3758508e+01 6.4383181e+01 6.5013973e+01 6.5650946e+01 6.6294159e+01 6.6943675e+01 6.7599554e+01 6.8261859e+01 6.8930652e+01 6.9605999e+01 7.0287962e+01 7.0976606e+01 7.1671998e+01 7.2374202e+01 7.3083287e+01 7.3799318e+01 7.4522365e+01 7.5252496e+01 7.5989781e+01 7.6734289e+01 7.7486091e+01 7.8245259e+01 7.9011865e+01 7.9785982e+01 8.0567683e+01 8.1357043e+01 8.2154136e+01 8.2959039e+01 8.3771828e+01 8.4592581e+01 8.5421374e+01 8.6258288e+01 8.7103402e+01 8.7956795e+01 8.8818549e+01 8.9688747e+01 9.0567470e+01 9.1454803e+01 9.2350829e+01 9.3255634e+01 9.4169303e+01 9.5091925e+01 9.6023585e+01 9.6964374e+01 9.7914380e+01 9.8873694e+01 9.9842406e+01 1.0082061e+02 1.0180840e+02 1.0280586e+02 1.0381310e+02 1.0483021e+02 1.0585728e+02 1.0689441e+02 1.0794171e+02 1.0899926e+02 1.1006718e+02 1.1114556e+02 1.1223451e+02 1.1333412e+02 1.1444451e+02 1.1556578e+02 1.1669803e+02 1.1784138e+02 1.1899592e+02 1.2016178e+02 1.2133906e+02 1.2252788e+02 1.2372834e+02 1.2494057e+02 1.2616467e+02 1.2740077e+02 1.2864897e+02 1.2990941e+02 1.3118219e+02 1.3246745e+02 1.3376529e+02 1.3507586e+02 1.3639926e+02 1.3773563e+02 1.3908509e+02 1.4044777e+02 1.4182380e+02 1.4321332e+02 1.4461645e+02 1.4603332e+02 1.4746408e+02 1.4890886e+02 1.5036779e+02 1.5184101e+02 1.5332867e+02 1.5483090e+02 1.5634786e+02 1.5787967e+02 1.5942649e+02 1.6098847e+02 1.6256575e+02 1.6415848e+02 1.6576682e+02 1.6739092e+02 1.6903093e+02 1.7068700e+02 1.7235930e+02 1.7404799e+02 1.7575322e+02 1.7747516e+02 1.7921397e+02 1.8096981e+02 1.8274286e+02 1.8453328e+02 1.8634124e+02 1.8816691e+02 1.9001047e+02 1.9187209e+02 1.9375196e+02 1.9565024e+02 1.9756711e+02 1.9950277e+02 2.0145740e+02 2.0343117e+02 2.0542428e+02 2.0743692e+02 2.0946928e+02 2.1152155e+02 2.1359393e+02 2.1568661e+02 2.1779979e+02 2.1993368e+02 2.2208847e+02 2.2426438e+02 2.2646160e+02 2.2868036e+02 2.3092085e+02 2.3318329e+02 2.3546789e+02 2.3777488e+02 2.4010448e+02 2.4245690e+02 2.4483236e+02 2.4723110e+02 2.4965334e+02 2.5209931e+02 2.5456925e+02 2.5706338e+02 2.5958196e+02 2.6212520e+02 2.6469337e+02 2.6728670e+02 2.6990543e+02 2.7254982e+02 2.7522012e+02 2.7791658e+02 2.8063946e+02 2.8338902e+02 2.8616552e+02 2.8896922e+02 2.9180039e+02 2.9465929e+02 2.9754621e+02 3.0046141e+02 3.0340518e+02 3.0637778e+02 3.0937951e+02 3.1241065e+02 3.1547148e+02 3.1856231e+02 3.2168341e+02 3.2483510e+02 3.2801766e+02 3.3123141e+02 3.3447664e+02 3.3775366e+02 3.4106280e+02 3.4440435e+02 3.4777864e+02 3.5118600e+02 3.5462673e+02 3.5810118e+02 3.6160967e+02 3.6515253e+02 3.6873010e+02 3.7234272e+02 3.7599074e+02 3.7967450e+02 3.8339435e+02 3.8715065e+02 3.9094375e+02 3.9477401e+02 3.9864180e+02 4.0254748e+02 4.0649143e+02 4.1047402e+02 4.1449563e+02 4.1855664e+02 4.2265744e+02 4.2679841e+02 4.3097996e+02 4.3520247e+02 4.3946636e+02 4.4377202e+02 4.4811986e+02 4.5251031e+02 4.5694376e+02 4.6142066e+02 4.6594142e+02 4.7050647e+02 4.7511624e+02 4.7977118e+02 4.8447173e+02 4.8921833e+02 4.9401143e+02 4.9885149e+02 5.0373898e+02 5.0867435e+02 5.1365807e+02 5.1869063e+02 5.2377248e+02 5.2890413e+02 5.3408606e+02 5.3931875e+02 5.4460271e+02 5.4993844e+02 5.5532645e+02 5.6076725e+02 5.6626135e+02 5.7180928e+02 5.7741157e+02 5.8306874e+02 5.8878135e+02 5.9454992e+02 6.0037500e+02 6.0625716e+02 6.1219695e+02 6.1819494e+02 6.2425168e+02 6.3036777e+02 6.3654379e+02 6.4278031e+02 6.4907793e+02 6.5543726e+02 6.6185889e+02 6.6834343e+02 6.7489151e+02 6.8150374e+02 6.8818076e+02 6.9492319e+02 7.0173168e+02 7.0860688e+02 7.1554944e+02 7.2256002e+02 7.2963928e+02 7.3678790e+02 7.4400656e+02 7.5129595e+02 7.5865675e+02 7.6608967e+02 7.7359542e+02 7.8117470e+02 7.8882824e+02 7.9655676e+02 8.0436101e+02 8.1224171e+02 8.2019963e+02 8.2823552e+02 8.3635013e+02 8.4454425e+02 8.5281865e+02 8.6117412e+02 8.6961145e+02 8.7813145e+02 8.8673492e+02 8.9542268e+02 9.0419556e+02 9.1305440e+02 9.2200002e+02 9.3103330e+02 9.4015507e+02 9.4936622e+02 9.5866761e+02 9.6806013e+02 9.7754467e+02 9.8712214e+02 9.9679345e+02 1.0065595e+03 1.0164212e+03 1.0263796e+03 1.0364355e+03 1.0465900e+03 1.0568439e+03 1.0671983e+03 1.0776542e+03 1.0882125e+03 1.0988742e+03 1.1096404e+03 1.1205121e+03 1.1314903e+03 1.1425760e+03 1.1537704e+03 1.1650744e+03 1.1764892e+03 1.1880158e+03 1.1996554e+03 1.2114090e+03 1.2232777e+03 1.2352627e+03 1.2473652e+03 1.2595862e+03 1.2719270e+03 1.2843887e+03 1.2969724e+03 1.3096795e+03 1.3225110e+03 1.3354683e+03 1.3485525e+03 1.3617649e+03 1.3751068e+03 1.3885794e+03 1.4021839e+03 1.4159218e+03 1.4297942e+03 1.4438026e+03 1.4579482e+03 1.4722324e+03 1.4866566e+03 1.5012221e+03 1.5159303e+03 1.5307826e+03 1.5457804e+03 1.5609251e+03 1.5762182e+03 1.5916612e+03 1.6072554e+03 1.6230025e+03 1.6389038e+03 1.6549609e+03 1.6711754e+03 1.6875487e+03 1.7040824e+03 1.7207781e+03 1.7376374e+03 1.7546618e+03 1.7718531e+03 1.7892128e+03 1.8067425e+03 1.8244441e+03 1.8423190e+03 1.8603691e+03 1.8785960e+03 1.8970015e+03 1.9155873e+03 1.9343552e+03 1.9533070e+03 1.9724445e+03 1.9917695e+03 2.0112838e+03 2.0309893e+03 2.0508879e+03 2.0709814e+03 2.0912718e+03 2.1117609e+03 2.1324509e+03 2.1533435e+03 2.1744408e+03 2.1957449e+03 2.2172576e+03 2.2389811e+03 2.2609175e+03 2.2830688e+03 2.3054371e+03 2.3280245e+03 2.3508333e+03 2.3738655e+03 2.3971234e+03 2.4206092e+03 2.4443250e+03 2.4682733e+03 2.4924561e+03 2.5168759e+03 2.5415349e+03 2.5664355e+03 2.5915801e+03 2.6169710e+03 2.6426108e+03 2.6685017e+03 2.6946462e+03 2.7210470e+03 2.7477064e+03 2.7746269e+03 2.8018113e+03 2.8292620e+03 2.8569816e+03 2.8849728e+03 2.9132382e+03 2.9417806e+03 2.9706026e+03 2.9997070e+03 3.0290966e+03 3.0587741e+03 3.0887423e+03 3.1190042e+03 3.1495626e+03 3.1804203e+03 3.2115804e+03 3.2430458e+03 3.2748195e+03 3.3069044e+03 3.3393037e+03 3.3720205e+03 3.4050578e+03 3.4384187e+03 3.4721066e+03 3.5061244e+03 3.5404756e+03 3.5751633e+03 3.6101909e+03 3.6455616e+03 3.6812789e+03 3.7173462e+03 3.7537668e+03 3.7905442e+03 3.8276820e+03 3.8651836e+03 3.9030526e+03 3.9412927e+03 3.9799074e+03 4.0189005e+03 4.0582755e+03 4.0980364e+03 4.1381868e+03 4.1787306e+03 4.2196716e+03 4.2610137e+03 4.3027609e+03 4.3449171e+03 4.3874863e+03 4.4304726e+03 4.4738800e+03 4.5177127e+03 4.5619749e+03 4.6066707e+03 4.6518045e+03 4.6973804e+03 4.7434029e+03 4.7898762e+03 4.8368049e+03 4.8841934e+03 4.9320462e+03 4.9803678e+03 5.0291628e+03 5.0784359e+03 5.1281917e+03 5.1784351e+03 5.2291707e+03 5.2804033e+03 5.3321379e+03 5.3843794e+03 5.4371327e+03 5.4904029e+03 5.5441950e+03 5.5985141e+03 5.6533654e+03 5.7087541e+03 5.7646855e+03 5.8211648e+03 5.8781976e+03 5.9357891e+03 5.9939448e+03 6.0526703e+03 6.1119712e+03 6.1718531e+03 6.2323217e+03 6.2933827e+03 6.3550419e+03 6.4173053e+03 6.4801787e+03 6.5436681e+03 6.6077795e+03 6.6725190e+03 6.7378929e+03 6.8039072e+03 6.8705683e+03 6.9378825e+03 7.0058563e+03 7.0744960e+03 7.1438081e+03 7.2137994e+03 7.2844764e+03 7.3558459e+03 7.4279146e+03 7.5006894e+03 7.5741773e+03 7.6483851e+03 7.7233199e+03 7.7989889e+03 7.8753993e+03 7.9525584e+03 8.0304734e+03 8.1091517e+03 8.1886009e+03 8.2688285e+03 8.3498422e+03 8.4316495e+03 8.5142584e+03 8.5976766e+03 8.6819122e+03 8.7669730e+03 8.8528672e+03 8.9396029e+03 9.0271884e+03 9.1156321e+03 9.2049423e+03 9.2951275e+03 9.3861962e+03 9.4781573e+03 9.5710193e+03 9.6647911e+03 9.7594816e+03 9.8550999e+03 9.9516550e+03 1.0049156e+04 1.0147612e+04 1.0247033e+04 1.0347428e+04 1.0448807e+04 1.0551179e+04 1.0654554e+04 1.0758942e+04 1.0864352e+04 1.0970795e+04 1.1078281e+04 1.1186821e+04 1.1296423e+04 1.1407100e+04 1.1518860e+04 1.1631716e+04 1.1745678e+04 1.1860756e+04 1.1976961e+04 1.2094305e+04 1.2212799e+04 1.2332453e+04 1.2453280e+04 1.2575291e+04 1.2698497e+04 1.2822910e+04 1.2948542e+04 1.3075405e+04 1.3203511e+04 1.3332872e+04 1.3463501e+04 1.3595409e+04 1.3728610e+04 1.3863115e+04 1.3998939e+04 1.4136093e+04 1.4274591e+04 1.4414446e+04 1.4555671e+04 1.4698280e+04 1.4842286e+04 1.4987703e+04 1.5134545e+04 1.5282825e+04 1.5432558e+04 1.5583758e+04 1.5736440e+04 1.5890617e+04 1.6046305e+04 1.6203518e+04 1.6362272e+04 1.6522581e+04 1.6684460e+04 1.6847926e+04 1.7012993e+04 1.7179677e+04 1.7347995e+04 1.7517961e+04 1.7689593e+04 1.7862907e+04 1.8037918e+04 1.8214644e+04 1.8393101e+04 1.8573307e+04 1.8755279e+04 1.8939033e+04 1.9124588e+04 1.9311961e+04 1.9501169e+04 1.9692231e+04 1.9885165e+04 2.0079990e+04 2.0276723e+04 2.0475384e+04 2.0675991e+04 2.0878563e+04 2.1083120e+04 2.1289682e+04 2.1498267e+04 2.1708896e+04 2.1921588e+04 2.2136364e+04 2.2353245e+04 2.2572250e+04 2.2793401e+04 2.3016719e+04 2.3242224e+04 2.3469940e+04 2.3699886e+04 2.3932085e+04 2.4166559e+04 2.4403330e+04 2.4642421e+04 2.4883855e+04 2.5127653e+04 2.5373841e+04 2.5622441e+04 2.5873476e+04 2.6126970e+04 2.6382949e+04 2.6641435e+04 2.6902454e+04 2.7166030e+04 2.7432188e+04 2.7700955e+04 2.7972354e+04 2.8246412e+04 2.8523156e+04 2.8802611e+04 2.9084804e+04 2.9369761e+04 2.9657511e+04 2.9948080e+04 3.0241495e+04 3.0537785e+04 3.0836979e+04 3.1139103e+04 3.1444188e+04 3.1752261e+04 3.2063353e+04 3.2377493e+04 3.2694711e+04 3.3015036e+04 3.3338500e+04 3.3665133e+04 3.3994967e+04 3.4328032e+04 3.4664360e+04 3.5003983e+04 3.5346933e+04 3.5693244e+04 3.6042948e+04 3.6396078e+04 3.6752667e+04 3.7112751e+04 3.7476362e+04 3.7843536e+04 3.8214307e+04 3.8588710e+04 3.8966782e+04 3.9348558e+04 3.9734075e+04 4.0123368e+04 4.0516476e+04 4.0913435e+04 4.1314284e+04 4.1719059e+04 4.2127801e+04 4.2540547e+04 4.2957337e+04 4.3378210e+04 4.3803207e+04 4.4232368e+04 4.4665733e+04 4.5103345e+04 4.5545243e+04 4.5991472e+04 4.6442072e+04 4.6897087e+04 4.7356560e+04 4.7820535e+04 4.8289055e+04 4.8762166e+04 4.9239912e+04 4.9722339e+04 5.0209492e+04 5.0701419e+04 5.1198164e+04 5.1699777e+04 5.2206304e+04 5.2717794e+04 5.3234296e+04 5.3755857e+04 5.4282529e+04 5.4814361e+04 5.5351403e+04 5.5893707e+04 5.6441324e+04 5.6994307e+04 5.7552707e+04 5.8116578e+04 5.8685974e+04 5.9260948e+04 5.9841556e+04 6.0427852e+04 6.1019892e+04 6.1617733e+04 6.2221431e+04 6.2831044e+04 6.3446630e+04 6.4068246e+04 6.4695953e+04 6.5329810e+04 6.5969877e+04 6.6616216e+04 6.7268886e+04 6.7927952e+04 6.8593474e+04 6.9265517e+04 6.9944144e+04 7.0629420e+04 7.1321410e+04 7.2020179e+04 7.2725795e+04 7.3438324e+04 7.4157835e+04 7.4884394e+04 7.5618072e+04 7.6358938e+04 7.7107063e+04 7.7862517e+04 7.8625373e+04 7.9395704e+04 8.0173581e+04 8.0959080e+04 8.1752274e+04 8.2553240e+04 8.3362053e+04 8.4178791e+04 8.5003530e+04 8.5836350e+04 8.6677330e+04 8.7526549e+04 8.8384088e+04 8.9250029e+04 9.0124454e+04 9.1007446e+04 9.1899089e+04 9.2799468e+04 9.3708668e+04 9.4626777e+04 9.5553880e+04 9.6490067e+04 9.7435426e+04 9.8390047e+04 9.9354021e+04 1.0032744e+05 1.0131039e+05 1.0230298e+05 1.0330529e+05 1.0431742e+05 1.0533947e+05 1.0637153e+05 1.0741370e+05 1.0846609e+05 1.0952878e+05 1.1060189e+05 1.1168550e+05 1.1277974e+05 1.1388470e+05 1.1500048e+05 1.1612719e+05 1.1726495e+05 1.1841385e+05 1.1957400e+05 1.2074553e+05 1.2192853e+05 1.2312312e+05 1.2432942e+05 1.2554753e+05 1.2677758e+05 1.2801968e+05 1.2927395e+05 1.3054051e+05 1.3181947e+05 1.3311097e+05 1.3441512e+05 1.3573205e+05 1.3706188e+05 1.3840474e+05 1.3976076e+05 1.4113006e+05 1.4251278e+05 1.4390905e+05 1.4531899e+05 1.4674275e+05 1.4818046e+05 1.4963225e+05 1.5109827e+05 1.5257865e+05 1.5407354e+05 1.5558307e+05 1.5710739e+05 1.5864665e+05 1.6020098e+05 1.6177055e+05 1.6335549e+05 1.6495596e+05 1.6657211e+05 1.6820410e+05 1.6985208e+05 1.7151620e+05 1.7319662e+05 1.7489351e+05 1.7660703e+05 1.7833733e+05 1.8008459e+05 1.8184896e+05 1.8363062e+05 1.8542974e+05 1.8724648e+05 1.8908102e+05 1.9093354e+05 1.9280421e+05 1.9469320e+05 1.9660070e+05 1.9852689e+05 2.0047195e+05 2.0243607e+05 2.0441944e+05 2.0642223e+05 2.0844465e+05 2.1048688e+05 2.1254912e+05 2.1463156e+05 2.1673441e+05 2.1885786e+05 2.2100211e+05 2.2316738e+05 2.2535385e+05 2.2756175e+05 2.2979128e+05 2.3204266e+05 2.3431609e+05 2.3661179e+05 2.3892999e+05 2.4127090e+05 2.4363475e+05 2.4602175e+05 2.4843215e+05 2.5086615e+05 2.5332401e+05 2.5580594e+05 2.5831220e+05 2.6084300e+05 2.6339861e+05 2.6597925e+05 2.6858517e+05 2.7121663e+05 2.7387387e+05 2.7655714e+05 2.7926670e+05 2.8200281e+05 2.8476572e+05 2.8755571e+05 2.9037303e+05 2.9321795e+05 2.9609075e+05 2.9899169e+05 3.0192105e+05 3.0487911e+05 3.0786616e+05 3.1088247e+05 3.1392833e+05 3.1700404e+05 3.2010988e+05 3.2324615e+05 3.2641314e+05 3.2961117e+05 3.3284052e+05 3.3610152e+05 3.3939447e+05 3.4271968e+05 3.4607746e+05 3.4946815e+05 3.5289205e+05 3.5634950e+05 3.5984083e+05 3.6336636e+05 3.6692643e+05 3.7052139e+05 3.7415156e+05 3.7781730e+05 3.8151896e+05 3.8525688e+05 3.8903142e+05 3.9284295e+05 3.9669182e+05 4.0057839e+05 4.0450305e+05 4.0846616e+05 4.1246810e+05 4.1650924e+05 4.2058998e+05 4.2471070e+05 4.2887179e+05 4.3307365e+05 4.3731668e+05 4.4160128e+05 4.4592786e+05 4.5029682e+05 4.5470860e+05 4.5916359e+05 4.6366224e+05 4.6820495e+05 4.7279218e+05 4.7742435e+05 4.8210190e+05 4.8682528e+05 4.9159494e+05 4.9641133e+05 5.0127491e+05 5.0618614e+05 5.1114548e+05 5.1615342e+05 5.2121042e+05 5.2631696e+05 5.3147354e+05 5.3668064e+05 5.4193875e+05 5.4724839e+05 5.5261004e+05 5.5802422e+05 5.6349145e+05 5.6901224e+05 5.7458712e+05 5.8021663e+05 5.8590129e+05 5.9164164e+05 5.9743823e+05 6.0329162e+05 6.0920235e+05 6.1517100e+05 6.2119812e+05 6.2728429e+05 6.3343009e+05 6.3963611e+05 6.4590293e+05 6.5223115e+05 6.5862136e+05 6.6507419e+05 6.7159024e+05 6.7817013e+05 6.8481448e+05 6.9152393e+05 6.9829912e+05 7.0514069e+05 7.1204929e+05 7.1902557e+05 7.2607021e+05 7.3318386e+05 7.4036721e+05 7.4762094e+05 7.5494574e+05 7.6234230e+05 7.6981133e+05 7.7735353e+05 7.8496964e+05 7.9266036e+05 8.0042643e+05 8.0826858e+05 8.1618757e+05 8.2418415e+05 8.3225907e+05 8.4041311e+05 8.4864704e+05 8.5696164e+05 8.6535770e+05 8.7383602e+05 8.8239740e+05 8.9104267e+05 8.9977264e+05 9.0858814e+05 9.1749000e+05 9.2647909e+05 9.3555624e+05 9.4472233e+05 9.5397823e+05 9.6332480e+05 9.7276295e+05 9.8229357e+05 9.9191757e+05 1.0016359e+06 1.0114494e+06 1.0213590e+06 1.0313657e+06 1.0414705e+06 1.0516743e+06 1.0619781e+06 1.0723828e+06 1.0828894e+06 1.0934990e+06 1.1042125e+06 1.1150310e+06 1.1259555e+06 1.1369870e+06 1.1481266e+06 1.1593754e+06 1.1707343e+06 1.1822046e+06 1.1937872e+06 1.2054833e+06 1.2172940e+06 1.2292204e+06 1.2412636e+06 1.2534249e+06 1.2657053e+06 1.2781060e+06 1.2906282e+06 1.3032731e+06 1.3160419e+06 1.3289358e+06 1.3419560e+06 1.3551038e+06 1.3683804e+06 1.3817870e+06 1.3953251e+06 1.4089957e+06 1.4228003e+06 1.4367402e+06 1.4508166e+06 1.4650309e+06 1.4793845e+06 1.4938788e+06 1.5085150e+06 1.5232946e+06 1.5382191e+06 1.5532897e+06 1.5685081e+06 1.5838755e+06 1.5993935e+06 1.6150635e+06 1.6308870e+06 1.6468656e+06 1.6630007e+06 1.6792939e+06 1.6957468e+06 1.7123608e+06 1.7291376e+06 1.7460788e+06 1.7631860e+06 1.7804607e+06 1.7979047e+06 1.8155197e+06 1.8333072e+06 1.8512690e+06 1.8694067e+06 1.8877222e+06 1.9062171e+06 1.9248932e+06 1.9437523e+06 1.9627962e+06 1.9820266e+06 2.0014455e+06 2.0210546e+06 2.0408558e+06 2.0608510e+06 2.0810422e+06 2.1014311e+06 2.1220198e+06 2.1428103e+06 2.1638044e+06 2.1850042e+06 2.2064118e+06 2.2280290e+06 2.2498581e+06 2.2719010e+06 2.2941599e+06 2.3166369e+06 2.3393341e+06 2.3622536e+06 2.3853977e+06 2.4087686e+06 2.4323685e+06 2.4561995e+06 2.4802641e+06 2.5045644e+06 2.5291028e+06 2.5538816e+06 2.5789032e+06 2.6041700e+06 2.6296843e+06 2.6554485e+06 2.6814652e+06 2.7077368e+06 2.7342658e+06 2.7610547e+06 2.7881060e+06 2.8154224e+06 2.8430065e+06 2.8708608e+06 2.8989879e+06 2.9273907e+06 2.9560717e+06 2.9850338e+06 3.0142796e+06 3.0438119e+06 3.0736336e+06 3.1037474e+06 3.1341563e+06 3.1648631e+06 3.1958708e+06 3.2271823e+06 3.2588005e+06 3.2907285e+06 3.3229693e+06 3.3555260e+06 3.3884017e+06 3.4215995e+06 3.4551225e+06 3.4889740e+06 3.5231571e+06 3.5576752e+06 3.5925314e+06 3.6277292e+06 3.6632717e+06 3.6991626e+06 3.7354050e+06 3.7720025e+06 3.8089586e+06 3.8462768e+06 3.8839606e+06 3.9220136e+06 3.9604394e+06 3.9992418e+06 4.0384242e+06 4.0779906e+06 4.1179446e+06 4.1582900e+06 4.1990308e+06 4.2401707e+06 4.2817136e+06 4.3236636e+06 4.3660246e+06 4.4088006e+06 4.4519957e+06 4.4956141e+06 4.5396597e+06 4.5841369e+06 4.6290499e+06 4.6744029e+06 4.7202002e+06 4.7664463e+06 4.8131454e+06 4.8603021e+06 4.9079208e+06 4.9560060e+06 5.0045623e+06 5.0535944e+06 5.1031069e+06 5.1531044e+06 5.2035918e+06 5.2545739e+06 5.3060555e+06 5.3580414e+06 5.4105367e+06 5.4635463e+06 5.5170752e+06 5.5711286e+06 5.6257116e+06 5.6808294e+06 5.7364872e+06 5.7926903e+06 5.8494440e+06 5.9067538e+06 5.9646250e+06 6.0230633e+06 6.0820741e+06 6.1416631e+06 6.2018359e+06 6.2625982e+06 6.3239558e+06 6.3859146e+06 6.4484805e+06 6.5116593e+06 6.5754571e+06 6.6398800e+06 6.7049340e+06 6.7706255e+06 6.8369605e+06 6.9039454e+06 6.9715867e+06 7.0398906e+06 7.1088638e+06 7.1785127e+06 7.2488440e+06 7.3198643e+06 7.3915805e+06 7.4639993e+06 7.5371277e+06 7.6109725e+06 7.6855408e+06 7.7608397e+06 7.8368763e+06 7.9136579e+06 7.9911918e+06 8.0694853e+06 8.1485459e+06 8.2283810e+06 8.3089984e+06 8.3904056e+06 8.4726104e+06 8.5556206e+06 8.6394440e+06 8.7240888e+06 8.8095628e+06 8.8958743e+06 8.9830314e+06 9.0710424e+06 9.1599157e+06 9.2496598e+06 9.3402831e+06 9.4317943e+06 9.5242020e+06 9.6175151e+06 9.7117425e+06 9.8068931e+06 9.9029758e+06 1.0000000e+07
240 250 260 270 280 290 300
8.0855891e-01 8.0929677e-01 8.1003679e-01 8.1056956e-01 8.1042285e-01 8.0978367e-01 8.0877625e-01
8.0670341e-01 8.0744128e-01 8.0818129e-01 8.0871407e-01 8.0856736e-01 8.0792818e-01 8.0692076e-01
8.0485004e-01 8.0558791e-01 8.0632793e-01 8.0686070e-01 8.0671400e-01 8.0607482e-01 8.0506741e-01
8.0300320e-01 8.0374107e-01 8.0448109e-01 8.0501387e-01 8.0486717e-01 8.0422800e-01 8.0322059e-01
8.0117069e-01 8.0190856e-01 8.0264858e-01 8.0318136e-01 8.0303467e-01 8.0239550e-01 8.0138809e-01
7.9938482e-01 8.0012269e-01 8.0086271e-01 8.0139549e-01 8.0124881e-01 8.0060964e-01 7.9960224e-01
7.9757822e-01 7.9831609e-01 7.9905612e-01 7.9958890e-01 7.9944222e-01 7.9880306e-01 7.9779566e-01
7.9575232e-01 7.9649020e-01 7.9723022e-01 7.9776301e-01 7.9761633e-01 7.9697718e-01 7.9596978e-01
7.9391944e-01 7.9465732e-01 7.9539735e-01 7.9593013e-01 7.9578346e-01 7.9514431e-01 7.9413692e-01
7.9208219e-01 7.9282007e-01 7.9356010e-01 7.9409289e-01 7.9394622e-01 7.9330708e-01 7.9229970e-01
7.9023624e-01 7.9097412e-01 7.9171415e-01 7.9224694e-01 7.9210028e-01 7.9146114e-01 7.9045376e-01
7.8836201e-01 7.8909989e-01 7.8983992e-01 7.9037271e-01 7.9022606e-01 7.8958692e-01 7.8857955e-01
7.8654468e-01 7.8728256e-01 7.8802260e-01 7.8855539e-01 7.8840874e-01 7.8776961e-01 7.8676224e-01
7.8476526e-01 7.8550315e-01 7.8624318e-01 7.8677598e-01 7.8662933e-01 7.8599021e-01 7.8498285e-01
7.8301941e-01 7.8375730e-01 7.8449733e-01 7.8503013e-01 7.8488349e-01 7.8424438e-01 7.8323702e-01
7.8130313e-01 7.8204102e-01 7.8278105e-01 7.8331386e-01 7.8316722e-01 7.8252811e-01 7.8152076e-01
7.7958911e-01 7.8032700e-01 7.8106704e-01 7.8159984e-01 7.8145321e-01 7.8081411e-01 7.7980676e-01
7.7797210e-01 7.7871000e-01 7.7945004e-01 7.7998284e-01 7.7983622e-01 7.7919712e-01 7.7818978e-01
7.7644804e-01 7.7718594e-01 7.7792598e-01 7.7845879e-01 7.7831217e-01 7.7767308e-01 7.7666574e-01
7.7501833e-01 7.7575623e-01 7.7649627e-01 7.7702908e-01 7.7688247e-01 7.7624338e-01 7.7523605e-01
7.7369608e-01 7.7443397e-01 7.7517402e-01 7.7570684e-01 7.7556023e-01 7.7492115e-01 7.7391382e-01
7.7251498e-01 7.7325288e-01 7.7399293e-01 7.7452575e-01 7.7437915e-01 7.7374007e-01 7.7273276e-01
7.7142469e-01 7.7216259e-01 7.7290264e-01 7.7343546e-01 7.7328887e-01 7.7264980e-01 7.7164249e-01
7.7045401e-01 7.7119191e-01 7.7193196e-01 7.7246478e-01 7.7231819e-01 7.7167913e-01 7.7067183e-01
7.6963334e-01 7.7037125e-01 7.7111130e-01 7.7164413e-01 7.7149755e-01 7.7085849e-01 7.6985119e-01
7.6900816e-01 7.6974607e-01 7.7048612e-01 7.7101895e-01 7.7087238e-01 7.7023333e-01 7.6922604e-01
7.6864119e-01 7.6937910e-01 7.7011915e-01 7.7065199e-01 7.7050542e-01 7.6986638e-01 7.6885909e-01
7.6834531e-01 7.6908322e-01 7.6982327e-01 7.7035611e-01 7.7020955e-01 7.6957052e-01 7.6856324e-01
7.6821093e-01 7.6894884e-01 7.6968890e-01 7.7022174e-01 7.7007519e-01 7.6943617e-01 7.6842889e-01
7.6827471e-01 7.6901263e-01 7.6975269e-01 7.7028553e-01 7.7013899e-01 7.6949997e-01 7.6849270e-01
7.6852655e-01 7.6926447e-01 7.7000453e-01 7.7053738e-01 7.7039084e-01 7.6975183e-01 7.6874457e-01
7.6909617e-01 7.6983409e-01 7.7057415e-01 7.7110700e-01 7.7096047e-01 7.7032147e-01 7.6931422e-01
7.7030586e-01 7.7104378e-01 7.7178385e-01 7.7231670e-01 7.7217018e-01 7.7153119e-01 7.7052394e-01
7.7225777e-01 7.7299570e-01 7.7373577e-01 7.7426862e-01 7.7412211e-01 7.7348313e-01 7.7247589e-01
7.7546093e-01 7.7619886e-01 7.7693893e-01 7.7747179e-01 7.7732528e-01 7.7668631e-01 7.7567908e-01
7.8061590e-01 7.8135383e-01 7.8209391e-01 7.8262677e-01 7.8248027e-01 7.8184131e-01 7.8083408e-01
7.8406794e-01 7.8480587e-01 7.8554594e-01 7.8607881e-01 7.8593232e-01 7.8529336e-01 7.8428615e-01
7.8727532e-01 7.8801325e-01 7.8875333e-01 7.8928621e-01 7.8913972e-01 7.8850078e-01 7.8749357e-01
7.9060599e-01 7.9134393e-01 7.9208401e-01 7.9261688e-01 7.9247041e-01 7.9183147e-01 7.9082427e-01
7.9483080e-01 7.9556874e-01 7.9630882e-01 7.9684170e-01 7.9669523e-01 7.9605630e-01 7.9504911e-01
7.9797277e-01 7.9871072e-01 7.9945080e-01 7.9998369e-01 7.9983723e-01 7.9919831e-01 7.9819113e-01
8.0053066e-01 8.0126860e-01 8.0200869e-01 8.0254158e-01 8.0239513e-01 8.0175622e-01 8.0074905e-01
8.0271007e-01 8.0344802e-01 8.0418811e-01 8.0472100e-01 8.0457456e-01 8.0393566e-01 8.0292850e-01
8.0456045e-01 8.0529840e-01 8.0603849e-01 8.0657139e-01 8.0642496e-01 8.0578607e-01 8.0477891e-01
8.0616291e-01 8.0690087e-01 8.0764096e-01 8.0817386e-01 8.0802744e-01 8.0738856e-01 8.0638142e-01
8.0749044e-01 8.0822839e-01 8.0896849e-01 8.0950140e-01 8.0935499e-01 8.0871612e-01 8.0770898e-01
8.0845797e-01 8.0919593e-01 8.0993603e-01 8.1046894e-01 8.1032254e-01 8.0968368e-01 8.0867655e-01
8.0890993e-01 8.0964790e-01 8.1038800e-01 8.1092092e-01 8.1077453e-01 8.1013568e-01 8.0912856e-01
8.0942844e-01 8.1016641e-01 8.1090652e-01 8.1143944e-01 8.1129306e-01 8.1065423e-01 8.0964711e-01
8.0970884e-01 8.1044681e-01 8.1118692e-01 8.1171984e-01 8.1157348e-01 8.1093465e-01 8.0992755e-01
8.0939842e-01 8.1013639e-01 8.1087650e-01 8.1140943e-01 8.1126307e-01 8.1062426e-01 8.0961717e-01
8.0848771e-01 8.0922568e-01 8.0996580e-01 8.1049873e-01 8.1035239e-01 8.0971359e-01 8.0870651e-01
8.0808879e-01 8.0882677e-01 8.0956689e-01 8.1009983e-01 8.0995349e-01 8.0931471e-01 8.0830764e-01
8.0740940e-01 8.0814738e-01 8.0888751e-01 8.0942045e-01 8.0927413e-01 8.0863535e-01 8.0762829e-01
8.0516188e-01 8.0589986e-01 8.0663999e-01 8.0717294e-01 8.0702663e-01 8.0638787e-01 8.0538082e-01
8.0442581e-01 8.0516381e-01 8.0590393e-01 8.0643689e-01 8.0629059e-01 8.0565184e-01 8.0464480e-01
8.0471325e-01 8.0545125e-01 8.0619138e-01 8.0672434e-01 8.0657806e-01 8.0593932e-01 8.0493229e-01
8.0545200e-01 8.0619000e-01 8.0693014e-01 8.0746310e-01 8.0731683e-01 8.0667811e-01 8.0567109e-01
8.0645364e-01 8.0719164e-01 8.0793178e-01 8.0846476e-01 8.0831849e-01 8.0767979e-01 8.0667278e-01
8.0903711e-01 8.0977512e-01 8.1051526e-01 8.1104824e-01 8.1090199e-01 8.1026330e-01 8.0925631e-01
8.1281828e-01 8.1355629e-01 8.1429644e-01 8.1482942e-01 8.1468319e-01 8.1404451e-01 8.1303753e-01
8.1794038e-01 8.1867840e-01 8.1941855e-01 8.1995154e-01 8.1980532e-01 8.1916665e-01 8.1815969e-01
8.2425454e-01 8.2499256e-01 8.2573271e-01 8.2626571e-01 8.2611950e-01 8.2548085e-01 8.2447390e-01
8.3227995e-01 8.3301797e-01 8.3375813e-01 8.3429113e-01 8.3414494e-01 8.3350630e-01 8.3249936e-01
8.4421169e-01 8.4494972e-01 8.4568988e-01 8.4622289e-01 8.4607671e-01 8.4543809e-01 8.4443116e-01
8.5555538e-01 8.5629341e-01 8.5703358e-01 8.5756659e-01 8.5742043e-01 8.5678182e-01 8.5577491e-01
8.6610320e-01 8.6684124e-01 8.6758141e-01 8.6811443e-01 8.6796828e-01 8.6732969e-01 8.6632279e-01
8.7709478e-01 8.7783282e-01 8.7857300e-01 8.7910603e-01 8.7895989e-01 8.7832132e-01 8.7731444e-01
8.8887279e-01 8.8961084e-01 8.9035102e-01 8.9088406e-01 8.9073794e-01 8.9009938e-01 8.8909251e-01
9.0077584e-01 9.0151390e-01 9.0225408e-01 9.0278712e-01 9.0264102e-01 9.0200248e-01 9.0099563e-01
9.1398516e-01 9.1472321e-01 9.1546340e-01 9.1599646e-01 9.1585037e-01 9.1521184e-01 9.1420500e-01
9.2896573e-01 9.2970379e-01 9.3044398e-01 9.3097704e-01 9.3083097e-01 9.3019247e-01 9.2918564e-01
9.4251174e-01 9.4324981e-01 9.4399001e-01 9.4452307e-01 9.4437702e-01 9.4373853e-01 9.4273172e-01
9.5683267e-01 9.5757074e-01 9.5831094e-01 9.5884402e-01 9.5869798e-01 9.5805951e-01 9.5705272e-01
9.7150395e-01 9.7224203e-01 9.7298224e-01 9.7351532e-01 9.7336930e-01 9.7273085e-01 9.7172408e-01
9.8478108e-01 9.8551917e-01 9.8625938e-01 9.8679247e-01 9.8664647e-01 9.8600804e-01 9.8500128e-01
9.9923859e-01 9.9997668e-01 1.0007169e+00 1.0012500e+00 1.0011040e+00 1.0004656e+00 9.9945885e-01
1.0117090e+00 1.0124471e+00 1.0131873e+00 1.0137204e+00 1.0135744e+00 1.0129360e+00 1.0119293e+00
1.0215225e+00 1.0222606e+00 1.0230008e+00 1.0235339e+00 1.0233880e+00 1.0227496e+00 1.0217429e+00
1.0280505e+00 1.0287886e+00 1.0295288e+00 1.0300619e+00 1.0299160e+00 1.0292777e+00 1.0282710e+00
1.0352516e+00 1.0359897e+00 1.0367300e+00 1.0372631e+00 1.0371172e+00 1.0364788e+00 1.0354722e+00
1.0425034e+00 1.0432415e+00 1.0439818e+00 1.0445149e+00 1.0443690e+00 1.0437307e+00 1.0427240e+00
1.0484409e+00 1.0491791e+00 1.0499193e+00 1.0504525e+00 1.0503066e+00 1.0496683e+00 1.0486617e+00
1.0558874e+00 1.0566255e+00 1.0573658e+00 1.0578990e+00 1.0577531e+00 1.0571148e+00 1.0561082e+00
1.0638981e+00 1.0646362e+00 1.0653765e+00 1.0659097e+00 1.0657638e+00 1.0651256e+00 1.0641190e+00
1.0722310e+00 1.0729691e+00 1.0737094e+00 1.0742426e+00 1.0740968e+00 1.0734586e+00 1.0724520e+00
1.0817092e+00 1.0824474e+00 1.0831876e+00 1.0837208e+00 1.0835750e+00 1.0829368e+00 1.0819303e+00
1.0919322e+00 1.0926704e+00 1.0934106e+00 1.0939438e+00 1.0937981e+00 1.0931599e+00 1.0921534e+00
1.1028451e+00 1.1035832e+00 1.1043235e+00 1.1048567e+00 1.1047110e+00 1.1040729e+00 1.1030663e+00
1.1144199e+00 1.1151581e+00 1.1158984e+00 1.1164316e+00 1.1162859e+00 1.1156478e+00 1.1146413e+00
1.1266533e+00 1.1273915e+00 1.1281318e+00 1.1286650e+00 1.1285193e+00 1.1278812e+00 1.1268748e+00
1.1404270e+00 1.1411652e+00 1.1419055e+00 1.1424387e+00 1.1422930e+00 1.1416550e+00 1.1406485e+00
1.1564033e+00 1.1571415e+00 1.1578818e+00 1.1584151e+00 1.1582694e+00 1.1576314e+00 1.1566249e+00
1.1730187e+00 1.1737569e+00 1.1744972e+00 1.1750304e+00 1.1748848e+00 1.1742468e+00 1.1732404e+00
1.1916717e+00 1.1924099e+00 1.1931502e+00 1.1936835e+00 1.1935379e+00 1.1928999e+00 1.1918936e+00
1.2117096e+00 1.2124478e+00 1.2131881e+00 1.2137214e+00 1.2135759e+00 1.2129379e+00 1.2119316e+00
1.2299796e+00 1.2307178e+00 1.2314581e+00 1.2319914e+00 1.2318459e+00 1.2312080e+00 1.2302017e+00
1.2488515e+00 1.2495897e+00 1.2503301e+00 1.2508634e+00 1.2507179e+00 1.2500800e+00 1.2490737e+00
1.2668617e+00 1.2675999e+00 1.2683403e+00 1.2688736e+00 1.2687281e+00 1.2680903e+00 1.2670840e+00
1.2856345e+00 1.2863728e+00 1.2871132e+00 1.2876465e+00 1.2875011e+00 1.2868632e+00 1.2858570e+00
1.3039609e+00 1.3046991e+00 1.3054395e+00 1.3059729e+00 1.3058274e+00 1.3051896e+00 1.3041834e+00
1.3227227e+00 1.3234610e+00 1.3242013e+00 1.3247347e+00 1.3245893e+00 1.3239515e+00 1.3229453e+00
1.3423990e+00 1.3431373e+00 1.3438777e+00 1.3444111e+00 1.3442657e+00 1.3436279e+00 1.3426218e+00
1.3611963e+00 1.3619346e+00 1.3626749e+00 1.3632083e+00 1.3630630e+00 1.3624253e+00 1.3614192e+00
1.3810521e+00 1.3817904e+00 1.3825308e+00 1.3830643e+00 1.3829189e+00 1.3822813e+00 1.3812752e+00
1.3980319e+00 1.3987702e+00 1.3995106e+00 1.4000440e+00 1.3998987e+00 1.3992611e+00 1.3982550e+00
1.4148453e+00 1.4155836e+00 1.4163240e+00 1.4168575e+00 1.4167122e+00 1.4160746e+00 1.4150686e+00
1.4287274e+00 1.4294657e+00 1.4302062e+00 1.4307396e+00 1.4305944e+00 1.4299568e+00 1.4289508e+00
1.4415606e+00 1.4422989e+00 1.4430394e+00 1.4435728e+00 1.4434277e+00 1.4427901e+00 1.4417841e+00
1.4516605e+00 1.4523988e+00 1.4531393e+00 1.4536728e+00 1.4535276e+00 1.4528901e+00 1.4518842e+00
1.4588976e+00 1.4596360e+00 1.4603764e+00 1.4609100e+00 1.4607648e+00 1.4601274e+00 1.4591215e+00
1.4667931e+00 1.4675315e+00 1.4682720e+00 1.4688055e+00 1.4686604e+00 1.4680230e+00 1.4670171e+00
1.4758501e+00 1.4765885e+00 1.4773290e+00 1.4778625e+00 1.4777175e+00 1.4770801e+00 1.4760742e+00
1.4832620e+00 1.4840004e+00 1.4847409e+00 1.4852744e+00 1.4851294e+00 1.4844921e+00 1.4834863e+00
1.4887623e+00 1.4895007e+00 1.4902412e+00 1.4907748e+00 1.4906299e+00 1.4899926e+00 1.4889868e+00
1.4940290e+00 1.4947674e+00 1.4955079e+00 1.4960415e+00 1.4958966e+00 1.4952593e+00 1.4942536e+00
1.4991046e+00 1.4998431e+00 1.5005836e+00 1.5011172e+00 1.5009723e+00 1.5003351e+00 1.4993294e+00
1.5031439e+00 1.5038823e+00 1.5046228e+00 1.5051565e+00 1.5050116e+00 1.5043745e+00 1.5033688e+00
1.5058832e+00 1.5066217e+00 1.5073622e+00 1.5078959e+00 1.5077511e+00 1.5071140e+00 1.5061083e+00
1.5091511e+00 1.5098896e+00 1.5106302e+00 1.5111638e+00 1.5110191e+00 1.5103820e+00 1.5093764e+00
1.5120322e+00 1.5127707e+00 1.5135112e+00 1.5140449e+00 1.5139002e+00 1.5132632e+00 1.5122576e+00
1.5157143e+00 1.5164528e+00 1.5171934e+00 1.5177271e+00 1.5175825e+00 1.5169455e+00 1.5159399e+00
1.5198388e+00 1.5205773e+00 1.5213179e+00 1.5218516e+00 1.5217070e+00 1.5210701e+00 1.5200646e+00
1.5240797e+00 1.5248182e+00 1.5255588e+00 1.5260926e+00 1.5259480e+00 1.5253111e+00 1.5243056e+00
1.5282233e+00 1.5289619e+00 1.5297025e+00 1.5302362e+00 1.5300917e+00 1.5294549e+00 1.5284495e+00
1.5298820e+00 1.5306206e+00 1.5313612e+00 1.5318950e+00 1.5317505e+00 1.5311137e+00 1.5301084e+00
1.5327098e+00 1.5334484e+00 1.5341890e+00 1.5347228e+00 1.5345784e+00 1.5339416e+00 1.5329363e+00
1.5367764e+00 1.5375150e+00 1.5382556e+00 1.5387895e+00 1.5386451e+00 1.5380084e+00 1.5370031e+00
1.5413663e+00 1.5421049e+00 1.5428456e+00 1.5433794e+00 1.5432351e+00 1.5425984e+00 1.5415932e+00
1.5466103e+00 1.5473489e+00 1.5480896e+00 1.5486235e+00 1.5484792e+00 1.5478426e+00 1.5468374e+00
1.5528002e+00 1.5535388e+00 1.5542795e+00 1.5548134e+00 1.5546692e+00 1.5540327e+00 1.5530275e+00
1.5605452e+00 1.5612838e+00 1.5620245e+00 1.5625585e+00 1.5624143e+00 1.5617778e+00 1.5607728e+00
1.5718235e+00 1.5725622e+00 1.5733029e+00 1.5738369e+00 1.5736927e+00 1.5730563e+00 1.5720513e+00
1.5839583e+00 1.5846970e+00 1.5854378e+00 1.5859717e+00 1.5858277e+00 1.5851913e+00 1.5841863e+00
1.5995358e+00 1.6002745e+00 1.6010153e+00 1.6015493e+00 1.6014053e+00 1.6007690e+00 1.5997641e+00
1.6115534e+00 1.6122921e+00 1.6130329e+00 1.6135669e+00 1.6134230e+00 1.6127868e+00 1.6117819e+00
1.6164641e+00 1.6172028e+00 1.6179436e+00 1.6184777e+00 1.6183338e+00 1.6176976e+00 1.6166928e+00
1.6163329e+00 1.6170716e+00 1.6178125e+00 1.6183465e+00 1.6182027e+00 1.6175666e+00 1.6165618e+00
1.6054392e+00 1.6061779e+00 1.6069188e+00 1.6074529e+00 1.6073091e+00 1.6066731e+00 1.6056684e+00
1.5872234e+00 1.5879623e+00 1.5887031e+00 1.5892373e+00 1.5890935e+00 1.5884576e+00 1.5874529e+00
1.5572724e+00 1.5580112e+00 1.5587521e+00 1.5592863e+00 1.5591426e+00 1.5585067e+00 1.5575021e+00
1.5297908e+00 1.5305297e+00 1.5312706e+00 1.5318048e+00 1.5316612e+00 1.5310254e+00 1.5300208e+00
1.4984878e+00 1.4992267e+00 1.4999676e+00 1.5005018e+00 1.5003583e+00 1.4997225e+00 1.4987181e+00
1.4723732e+00 1.4731121e+00 1.4738530e+00 1.4743873e+00 1.4742438e+00 1.4736081e+00 1.4726037e+00
1.4557293e+00 1.4564682e+00 1.4572091e+00 1.4577434e+00 1.4576000e+00 1.4569644e+00 1.4559601e+00
1.4473026e+00 1.4480415e+00 1.4487825e+00 1.4493168e+00 1.4491735e+00 1.4485379e+00 1.4475337e+00
1.4440853e+00 1.4448243e+00 1.4455652e+00 1.4460996e+00 1.4459563e+00 1.4453209e+00 1.4443167e+00
1.4446797e+00 1.4454186e+00 1.4461596e+00 1.4466940e+00 1.4465509e+00 1.4459155e+00 1.4449113e+00
1.4495430e+00 1.4502820e+00 1.4510230e+00 1.4515574e+00 1.4514143e+00 1.4507790e+00 1.4497749e+00
1.4599203e+00 1.4606594e+00 1.4614004e+00 1.4619349e+00 1.4617918e+00 1.4611566e+00 1.4601526e+00
1.4777998e+00 1.4785388e+00 1.4792799e+00 1.4798144e+00 1.4796714e+00 1.4790363e+00 1.4780324e+00
1.4991231e+00 1.4998622e+00 1.5006032e+00 1.5011378e+00 1.5009949e+00 1.5003598e+00 1.4993560e+00
1.5258548e+00 1.5265939e+00 1.5273350e+00 1.5278695e+00 1.5277267e+00 1.5270918e+00 1.5260880e+00
1.5556799e+00 1.5564190e+00 1.5571601e+00 1.5576948e+00 1.5575520e+00 1.5569171e+00 1.5559135e+00
1.5800261e+00 1.5807653e+00 1.5815064e+00 1.5820411e+00 1.5818985e+00 1.5812637e+00 1.5802600e+00
1.6011574e+00 1.6018966e+00 1.6026378e+00 1.6031725e+00 1.6030300e+00 1.6023952e+00 1.6013917e+00
1.6170875e+00 1.6178267e+00 1.6185679e+00 1.6191026e+00 1.6189602e+00 1.6183256e+00 1.6173221e+00
1.6316862e+00 1.6324255e+00 1.6331667e+00 1.6337015e+00 1.6335591e+00 1.6329246e+00 1.6319212e+00
1.6356493e+00 1.6363885e+00 1.6371298e+00 1.6376646e+00 1.6375223e+00 1.6368879e+00 1.6358846e+00
1.6372087e+00 1.6379480e+00 1.6386893e+00 1.6392241e+00 1.6390819e+00 1.6384476e+00 1.6374444e+00
1.6397971e+00 1.6405364e+00 1.6412777e+00 1.6418126e+00 1.6416705e+00 1.6410363e+00 1.6400332e+00
1.6374701e+00 1.6382095e+00 1.6389508e+00 1.6394857e+00 1.6393437e+00 1.6387096e+00 1.6377066e+00
1.6316719e+00 1.6324113e+00 1.6331527e+00 1.6336876e+00 1.6335457e+00 1.6329117e+00 1.6319088e+00
1.6234487e+00 1.6241881e+00 1.6249295e+00 1.6254645e+00 1.6253227e+00 1.6246888e+00 1.6236859e+00
1.5840371e+00 1.5847766e+00 1.5855180e+00 1.5860531e+00 1.5859114e+00 1.5852776e+00 1.5842748e+00
1.5592537e+00 1.5599932e+00 1.5607346e+00 1.5612698e+00 1.5611282e+00 1.5604945e+00 1.5594918e+00
1.5420236e+00 1.5427632e+00 1.5435046e+00 1.5440398e+00 1.5438983e+00 1.5432647e+00 1.5422621e+00
1.5283424e+00 1.5290820e+00 1.5298235e+00 1.5303587e+00 1.5302173e+00 1.5295839e+00 1.5285814e+00
1.5165891e+00 1.5173287e+00 1.5180702e+00 1.5186055e+00 1.5184642e+00 1.5178308e+00 1.5168285e+00
1.5063885e+00 1.5071281e+00 1.5078697e+00 1.5084050e+00 1.5082638e+00 1.5076306e+00 1.5066284e+00
1.4974442e+00 1.4981839e+00 1.4989255e+00 1.4994609e+00 1.4993198e+00 1.4986867e+00 1.4976846e+00
1.4894637e+00 1.4902034e+00 1.4909450e+00 1.4914804e+00 1.4913395e+00 1.4907065e+00 1.4897045e+00
1.4822672e+00 1.4830069e+00 1.4837486e+00 1.4842841e+00 1.4841432e+00 1.4835104e+00 1.4825085e+00
1.4757112e+00 1.4764510e+00 1.4771927e+00 1.4777282e+00 1.4775875e+00 1.4769548e+00 1.4759530e+00
1.4696892e+00 1.4704291e+00 1.4711708e+00 1.4717064e+00 1.4715658e+00 1.4709332e+00 1.4699315e+00
1.4641202e+00 1.4648600e+00 1.4656018e+00 1.4661374e+00 1.4659970e+00 1.4653645e+00 1.4643629e+00
1.4589420e+00 1.4596819e+00 1.4604237e+00 1.4609594e+00 1.4608191e+00 1.4601868e+00 1.4591853e+00
1.4541057e+00 1.4548456e+00 1.4555874e+00 1.4561232e+00 1.4559830e+00 1.4553508e+00 1.4543495e+00
1.4495712e+00 1.4503112e+00 1.4510530e+00 1.4515889e+00 1.4514488e+00 1.4508168e+00 1.4498156e+00
1.4453057e+00 1.4460457e+00 1.4467876e+00 1.4473235e+00 1.4471836e+00 1.4465517e+00 1.4455506e+00
1.4412815e+00 1.4420216e+00 1.4427635e+00 1.4432995e+00 1.4431597e+00 1.4425279e+00 1.4415270e+00
1.4374753e+00 1.4382154e+00 1.4389574e+00 1.4394934e+00 1.4393538e+00 1.4387222e+00 1.4377214e+00
1.4338672e+00 1.4346073e+00 1.4353494e+00 1.4358855e+00 1.4357459e+00 1.4351145e+00 1.4341138e+00
1.4304398e+00 1.4311800e+00 1.4319221e+00 1.4324582e+00 1.4323189e+00 1.4316876e+00 1.4306870e+00
1.4271781e+00 1.4279184e+00 1.4286605e+00 1.4291967e+00 1.4290575e+00 1.4284264e+00 1.4274260e+00
1.4240690e+00 1.4248094e+00 1.4255515e+00 1.4260878e+00 1.4259487e+00 1.4253178e+00 1.4243175e+00
1.4211009e+00 1.4218413e+00 1.4225835e+00 1.4231198e+00 1.4229809e+00 1.4223502e+00 1.4213500e+00
1.4182635e+00 1.4190039e+00 1.4197461e+00 1.4202826e+00 1.4201438e+00 1.4195132e+00 1.4185132e+00
1.4155475e+00 1.4162880e+00 1.4170302e+00 1.4175667e+00 1.4174282e+00 1.4167977e+00 1.4157979e+00
1.4129448e+00 1.4136853e+00 1.4144276e+00 1.4149642e+00 1.4148258e+00 1.4141955e+00 1.4131958e+00
1.4104479e+00 1.4111884e+00 1.4119308e+00 1.4124675e+00 1.4123292e+00 1.4116991e+00 1.4106996e+00
1.4080501e+00 1.4087907e+00 1.4095332e+00 1.4100699e+00 1.4099318e+00 1.4093019e+00 1.4083026e+00
1.4057454e+00 1.4064861e+00 1.4072286e+00 1.4077654e+00 1.4076275e+00 1.4069978e+00 1.4059986e+00
1.4035283e+00 1.4042690e+00 1.4050116e+00 1.4055485e+00 1.4054108e+00 1.4047812e+00 1.4037822e+00
1.4013937e+00 1.4021345e+00 1.4028770e+00 1.4034140e+00 1.4032765e+00 1.4026472e+00 1.4016483e+00
1.3993369e+00 1.4000778e+00 1.4008204e+00 1.4013575e+00 1.4012201e+00 1.4005910e+00 1.3995923e+00
1.3973538e+00 1.3980947e+00 1.3988373e+00 1.3993745e+00 1.3992374e+00 1.3986084e+00 1.3976099e+00
1.3954403e+00 1.3961813e+00 1.3969240e+00 1.3974613e+00 1.3973243e+00 1.3966956e+00 1.3956973e+00
1.3935930e+00 1.3943340e+00 1.3950768e+00 1.3956142e+00 1.3954774e+00 1.3948489e+00 1.3938507e+00
1.3918084e+00 1.3925495e+00 1.3932924e+00 1.3938298e+00 1.3936932e+00 1.3930650e+00 1.3920670e+00
1.3900835e+00 1.3908247e+00 1.3915676e+00 1.3921051e+00 1.3919688e+00 1.3913407e+00 1.3903429e+00
1.3884154e+00 1.3891566e+00 1.3898996e+00 1.3904372e+00 1.3903011e+00 1.3896732e+00 1.3886757e+00
1.3868014e+00 1.3875427e+00 1.3882857e+00 1.3888234e+00 1.3886875e+00 1.3880599e+00 1.3870625e+00
1.3852390e+00 1.3859803e+00 1.3867234e+00 1.3872612e+00 1.3871255e+00 1.3864981e+00 1.3855010e+00
1.3837258e+00 1.3844672e+00 1.3852104e+00 1.3857483e+00 1.3856128e+00 1.3849857e+00 1.3839887e+00
1.3822597e+00 1.3830012e+00 1.3837444e+00 1.3842825e+00 1.3841472e+00 1.3835203e+00 1.3825235e+00
1.3808386e+00 1.3815802e+00 1.3823235e+00 1.3828616e+00 1.3827266e+00 1.3820999e+00 1.3811034e+00
1.3794607e+00 1.3802023e+00 1.3809456e+00 1.3814839e+00 1.3813491e+00 1.3807227e+00 1.3797264e+00
1.3781240e+00 1.3788657e+00 1.3796091e+00 1.3801475e+00 1.3800129e+00 1.3793868e+00 1.3783907e+00
1.3768269e+00 1.3775687e+00 1.3783121e+00 1.3788506e+00 1.3787163e+00 1.3780904e+00 1.3770946e+00
1.3755677e+00 1.3763096e+00 1.3770532e+00 1.3775918e+00 1.3774577e+00 1.3768321e+00 1.3758364e+00
1.3743450e+00 1.3750870e+00 1.3758306e+00 1.3763694e+00 1.3762355e+00 1.3756102e+00 1.3746148e+00
1.3731574e+00 1.3738995e+00 1.3746431e+00 1.3751820e+00 1.3750484e+00 1.3744234e+00 1.3734282e+00
1.3720034e+00 1.3727456e+00 1.3734893e+00 1.3740283e+00 1.3738950e+00 1.3732702e+00 1.3722753e+00
1.3708818e+00 1.3716241e+00 1.3723679e+00 1.3729070e+00 1.3727739e+00 1.3721494e+00 1.3711548e+00
1.3697914e+00 1.3705337e+00 1.3712776e+00 1.3718168e+00 1.3716841e+00 1.3710599e+00 1.3700655e+00
1.3687309e+00 1.3694734e+00 1.3702173e+00 1.3707567e+00 1.3706242e+00 1.3700003e+00 1.3690062e+00
1.3676994e+00 1.3684420e+00 1.3691860e+00 1.3697255e+00 1.3695933e+00 1.3689697e+00 1.3679759e+00
1.3666958e+00 1.3674384e+00 1.3681825e+00 1.3687221e+00 1.3685903e+00 1.3679670e+00 1.3669734e+00
1.3657190e+00 1.3664617e+00 1.3672060e+00 1.3677457e+00 1.3676141e+00 1.3669912e+00 1.3659979e+00
1.3647682e+00 1.3655110e+00 1.3662553e+00 1.3667952e+00 1.3666639e+00 1.3660413e+00 1.3650483e+00
1.3638424e+00 1.3645853e+00 1.3653297e+00 1.3658697e+00 1.3657387e+00 1.3651164e+00 1.3641237e+00
1.3629408e+00 1.3636838e+00 1.3644282e+00 1.3649684e+00 1.3648378e+00 1.3642158e+00 1.3632234e+00
1.3620625e+00 1.3628056e+00 1.3635501e+00 1.3640905e+00 1.3639601e+00 1.3633385e+00 1.3623464e+00
1.3612067e+00 1.3619500e+00 1.3626946e+00 1.3632351e+00 1.3631051e+00 1.3624838e+00 1.3614920e+00
1.3603728e+00 1.3611162e+00 1.3618609e+00 1.3624015e+00 1.3622719e+00 1.3616510e+00 1.3606595e+00
1.3595600e+00 1.3603035e+00 1.3610483e+00 1.3615891e+00 1.3614598e+00 1.3608393e+00 1.3598481e+00
1.3587676e+00 1.3595112e+00 1.3602561e+00 1.3607971e+00 1.3606681e+00 1.3600479e+00 1.3590571e+00
1.3579950e+00 1.3587386e+00 1.3594837e+00 1.3600248e+00 1.3598962e+00 1.3592764e+00 1.3582859e+00
1.3572414e+00 1.3579852e+00 1.3587304e+00 1.3592717e+00 1.3591434e+00 1.3585240e+00 1.3575338e+00
1.3565064e+00 1.3572503e+00 1.3579956e+00 1.3585370e+00 1.3584091e+00 1.3577902e+00 1.3568003e+00
1.3557893e+00 1.3565334e+00 1.3572787e+00 1.3578204e+00 1.3576929e+00 1.3570743e+00 1.3560848e+00
1.3550896e+00 1.3558338e+00 1.3565793e+00 1.3571211e+00 1.3569940e+00 1.3563758e+00 1.3553867e+00
1.3544068e+00 1.3551511e+00 1.3558966e+00 1.3564386e+00 1.3563119e+00 1.3556942e+00 1.3547054e+00
1.3537403e+00 1.3544847e+00 1.3552304e+00 1.3557725e+00 1.3556462e+00 1.3550289e+00 1.3540405e+00
1.3530896e+00 1.3538341e+00 1.3545799e+00 1.3551223e+00 1.3549964e+00 1.3543795e+00 1.3533915e+00
1.3524542e+00 1.3531989e+00 1.3539448e+00 1.3544874e+00 1.3543619e+00 1.3537455e+00 1.3527579e+00
1.3518338e+00 1.3525786e+00 1.3533246e+00 1.3538674e+00 1.3537423e+00 1.3531264e+00 1.3521392e+00
1.3512278e+00 1.3519728e+00 1.3527189e+00 1.3532619e+00 1.3531372e+00 1.3525218e+00 1.3515349e+00
1.3506359e+00 1.3513810e+00 1.3521272e+00 1.3526704e+00 1.3525462e+00 1.3519312e+00 1.3509448e+00
1.3500575e+00 1.3508028e+00 1.3515492e+00 1.3520925e+00 1.3519688e+00 1.3513543e+00 1.3503683e+00
1.3494924e+00 1.3502378e+00 1.3509843e+00 1.3515279e+00 1.3514047e+00 1.3507906e+00 1.3498051e+00
1.3489401e+00 1.3496857e+00 1.3504324e+00 1.3509762e+00 1.3508534e+00 1.3502398e+00 1.3492547e+00
1.3484003e+00 1.3491460e+00 1.3498928e+00 1.3504369e+00 1.3503146e+00 1.3497016e+00 1.3487169e+00
1.3478727e+00 1.3486185e+00 1.3493655e+00 1.3499097e+00 1.3497879e+00 1.3491754e+00 1.3481912e+00
1.3473568e+00 1.3481028e+00 1.3488499e+00 1.3493943e+00 1.3492730e+00 1.3486611e+00 1.3476774e+00
1.3468523e+00 1.3475985e+00 1.3483457e+00 1.3488904e+00 1.3487696e+00 1.3481582e+00 1.3471750e+00
1.3463589e+00 1.3471053e+00 1.3478527e+00 1.3483976e+00 1.3482773e+00 1.3476665e+00 1.3466837e+00
1.3458764e+00 1.3466229e+00 1.3473704e+00 1.3479157e+00 1.3477959e+00 1.3471856e+00 1.3462034e+00
1.3454044e+00 1.3461511e+00 1.3468987e+00 1.3474442e+00 1.3473250e+00 1.3467153e+00 1.3457335e+00
1.3449425e+00 1.3456894e+00 1.3464372e+00 1.3469830e+00 1.3468643e+00 1.3462552e+00 1.3452740e+00
1.3444907e+00 1.3452377e+00 1.3459857e+00 1.3465317e+00 1.3464136e+00 1.3458051e+00 1.3448244e+00
1.3440484e+00 1.3447957e+00 1.3455438e+00 1.3460901e+00 1.3459725e+00 1.3453647e+00 1.3443845e+00
1.3436156e+00 1.3443630e+00 1.3451113e+00 1.3456579e+00 1.3455409e+00 1.3449337e+00 1.3439541e+00
1.3431919e+00 1.3439395e+00 1.3446880e+00 1.3452348e+00 1.3451185e+00 1.3445119e+00 1.3435328e+00
1.3427771e+00 1.3435249e+00 1.3442736e+00 1.3448206e+00 1.3447049e+00 1.3440990e+00 1.3431205e+00
1.3423709e+00 1.3431190e+00 1.3438678e+00 1.3444151e+00 1.3443000e+00 1.3436948e+00 1.3427169e+00
1.3419732e+00 1.3427214e+00 1.3434704e+00 1.3440181e+00 1.3439036e+00 1.3432990e+00 1.3423217e+00
1.3415836e+00 1.3423321e+00 1.3430812e+00 1.3436292e+00 1.3435154e+00 1.3429115e+00 1.3419348e+00
1.3412020e+00 1.3419507e+00 1.3427000e+00 1.3432483e+00 1.3431351e+00 1.3425320e+00 1.3415559e+00
1.3408281e+00 1.3415770e+00 1.3423266e+00 1.3428752e+00 1.3427627e+00 1.3421603e+00 1.3411848e+00
1.3404618e+00 1.3412109e+00 1.3419607e+00 1.3425096e+00 1.3423978e+00 1.3417961e+00 1.3408213e+00
1.3401029e+00 1.3408522e+00 1.3416021e+00 1.3421514e+00 1.3420403e+00 1.3414394e+00 1.3404652e+00
1.3397510e+00 1.3405006e+00 1.3412507e+00 1.3418003e+00 1.3416899e+00 1.3410898e+00 1.3401163e+00
1.3394061e+00 1.3401559e+00 1.3409063e+00 1.3414562e+00 1.3413466e+00 1.3407472e+00 1.3397744e+00
1.3390680e+00 1.3398181e+00 1.3405686e+00 1.3411189e+00 1.3410100e+00 1.3404114e+00 1.3394393e+00
1.3387365e+00 1.3394868e+00 1.3402375e+00 1.3407881e+00 1.3406800e+00 1.3400823e+00 1.3391109e+00
1.3384113e+00 1.3391619e+00 1.3399129e+00 1.3404638e+00 1.3403565e+00 1.3397596e+00 1.3387889e+00
1.3380924e+00 1.3388432e+00 1.3395944e+00 1.3401458e+00 1.3400393e+00 1.3394432e+00 1.3384733e+00
1.3377796e+00 1.3385307e+00 1.3392821e+00 1.3398338e+00 1.3397281e+00 1.3391329e+00 1.3381637e+00
1.3374726e+00 1.3382240e+00 1.3389756e+00 1.3395277e+00 1.3394229e+00 1.3388286e+00 1.3378602e+00
1.3371715e+00 1.3379231e+00 1.3386750e+00 1.3392275e+00 1.3391234e+00 1.3385301e+00 1.3375624e+00
1.3368758e+00 1.3376277e+00 1.3383799e+00 1.3389328e+00 1.3388296e+00 1.3382372e+00 1.3372703e+00
1.3365857e+00 1.3373378e+00 1.3380902e+00 1.3386435e+00 1.3385413e+00 1.3379498e+00 1.3369838e+00
1.3363008e+00 1.3370533e+00 1.3378059e+00 1.3383596e+00 1.3382582e+00 1.3376677e+00 1.3367025e+00
1.3360210e+00 1.3367738e+00 1.3375267e+00 1.3380809e+00 1.3379804e+00 1.3373908e+00 1.3364265e+00
1.3357463e+00 1.3364994e+00 1.3372525e+00 1.3378071e+00 1.3377076e+00 1.3371191e+00 1.3361556e+00
1.3354764e+00 1.3362298e+00 1.3369832e+00 1.3375383e+00 1.3374397e+00 1.3368522e+00 1.3358897e+00
1.3352113e+00 1.3359650e+00 1.3367187e+00 1.3372742e+00 1.3371766e+00 1.3365901e+00 1.3356285e+00
1.3349508e+00 1.3357048e+00 1.3364588e+00 1.3370147e+00 1.3369181e+00 1.3363327e+00 1.3353720e+00
1.3346947e+00 1.3354490e+00 1.3362033e+00 1.3367597e+00 1.3366641e+00 1.3360799e+00 1.3351201e+00
1.3344430e+00 1.3351977e+00 1.3359522e+00 1.3365091e+00 1.3364146e+00 1.3358314e+00 1.3348726e+00
1.3341955e+00 1.3349505e+00 1.3357054e+00 1.3362628e+00 1.3361693e+00 1.3355872e+00 1.3346295e+00
1.3339521e+00 1.3347075e+00 1.3354626e+00 1.3360205e+00 1.3359281e+00 1.3353473e+00 1.3343905e+00
1.3337127e+00 1.3344684e+00 1.3352239e+00 1.3357823e+00 1.3356910e+00 1.3351113e+00 1.3341556e+00
1.3334772e+00 1.3342333e+00 1.3349891e+00 1.3355480e+00 1.3354578e+00 1.3348793e+00 1.3339246e+00
1.3332454e+00 1.3340019e+00 1.3347580e+00 1.3353174e+00 1.3352284e+00 1.3346512e+00 1.3336976e+00
1.3330173e+00 1.3337741e+00 1.3345306e+00 1.3350906e+00 1.3350028e+00 1.3344268e+00 1.3334742e+00
1.3327927e+00 1.3335499e+00 1.3343067e+00 1.3348673e+00 1.3347807e+00 1.3342060e+00 1.3332546e+00
1.3325715e+00 1.3333292e+00 1.3340863e+00 1.3346475e+00 1.3345621e+00 1.3339887e+00 1.3330384e+00
1.3323537e+00 1.3331118e+00 1.3338693e+00 1.3344310e+00 1.3343468e+00 1.3337748e+00 1.3328257e+00
1.3321391e+00 1.3328976e+00 1.3336554e+00 1.3342178e+00 1.3341349e+00 1.3335642e+00 1.3326163e+00
1.3319277e+00 1.3326866e+00 1.3334448e+00 1.3340077e+00 1.3339261e+00 1.3333569e+00 1.3324102e+00
1.3317192e+00 1.3324786e+00 1.3332371e+00 1.3338007e+00 1.3337205e+00 1.3331526e+00 1.3322072e+00
1.3315137e+00 1.3322735e+00 1.3330325e+00 1.3335967e+00 1.3335178e+00 1.3329514e+00 1.3320072e+00
1.3313111e+00 1.3320713e+00 1.3328307e+00 1.3333955e+00 1.3333180e+00 1.3327531e+00 1.3318102e+00
1.3311112e+00 1.3318719e+00 1.3326316e+00 1.3331971e+00 1.3331210e+00 1.3325577e+00 1.3316161e+00
1.3309139e+00 1.3316751e+00 1.3324352e+00 1.3330014e+00 1.3329268e+00 1.3323650e+00 1.3314248e+00
1.3307192e+00 1.3314809e+00 1.3322414e+00 1.3328083e+00 1.3327352e+00 1.3321749e+00 1.3312361e+00
1.3305270e+00 1.3312891e+00 1.3320501e+00 1.3326177e+00 1.3325461e+00 1.3319875e+00 1.3310500e+00
1.3303371e+00 1.3310998e+00 1.3318612e+00 1.3324295e+00 1.3323594e+00 1.3318025e+00 1.3308665e+00
1.3301496e+00 1.3309128e+00 1.3316746e+00 1.3322436e+00 1.3321751e+00 1.3316199e+00 1.3306853e+00
1.3299642e+00 1.3307279e+00 1.3314902e+00 1.3320600e+00 1.3319931e+00 1.3314396e+00 1.3305066e+00
1.3297810e+00 1.3305453e+00 1.3313080e+00 1.3318785e+00 1.3318133e+00 1.3312616e+00 1.3303301e+00
1.3295998e+00 1.3303646e+00 1.3311279e+00 1.3316992e+00 1.3316356e+00 1.3310857e+00 1.3301557e+00
1.3294206e+00 1.3301860e+00 1.3309497e+00 1.3315218e+00 1.3314600e+00 1.3309119e+00 1.3299835e+00
1.3292433e+00 1.3300092e+00 1.3307734e+00 1.3313464e+00 1.3312863e+00 1.3307401e+00 1.3298134e+00
1.3290678e+00 1.3298343e+00 1.3305990e+00 1.3311727e+00 1.3311145e+00 1.3305702e+00 1.3296451e+00
1.3288940e+00 1.3296611e+00 1.3304263e+00 1.3310009e+00 1.3309445e+00 1.3304021e+00 1.3294788e+00
1.3287218e+00 1.3294895e+00 1.3302553e+00 1.3308307e+00 1.3307762e+00 1.3302358e+00 1.3293142e+00
1.3285512e+00 1.3293195e+00 1.3300858e+00 1.3306622e+00 1.3306095e+00 1.3300712e+00 1.3291514e+00
1.3283820e+00 1.3291510e+00 1.3299179e+00 1.3304951e+00 1.3304444e+00 1.3299082e+00 1.3289902e+00
1.3282143e+00 1.3289839e+00 1.3297513e+00 1.3303296e+00 1.3302809e+00 1.3297468e+00 1.3288306e+00
1.3280479e+00 1.3288182e+00 1.3295862e+00 1.3301654e+00 1.3301187e+00 1.3295868e+00 1.3286726e+00
1.3278828e+00 1.3286538e+00 1.3294223e+00 1.3300025e+00 1.3299579e+00 1.3294283e+00 1.3285159e+00
1.3277189e+00 1.3284906e+00 1.3292597e+00 1.3298408e+00 1.3297984e+00 1.3292711e+00 1.3283607e+00
1.3275560e+00 1.3283285e+00 1.3290982e+00 1.3296804e+00 1.3296401e+00 1.3291151e+00 1.3282067e+00
1.3273943e+00 1.3281674e+00 1.3289378e+00 1.3295210e+00 1.3294829e+00 1.3289603e+00 1.3280540e+00
1.3272334e+00 1.3280073e+00 1.3287783e+00 1.3293626e+00 1.3293268e+00 1.3288066e+00 1.3279025e+00
1.3270735e+00 1.3278481e+00 1.3286198e+00 1.3292051e+00 1.3291717e+00 1.3286540e+00 1.3277520e+00
1.3269143e+00 1.3276898e+00 1.3284621e+00 1.3290485e+00 1.3290175e+00 1.3285023e+00 1.3276025e+00
1.3267559e+00 1.3275321e+00 1.3283052e+00 1.3288927e+00 1.3288641e+00 1.3283515e+00 1.3274540e+00
1.3265981e+00 1.3273752e+00 1.3281489e+00 1.3287377e+00 1.3287115e+00 1.3282016e+00 1.3273063e+00
1.3264409e+00 1.3272188e+00 1.3279933e+00 1.3285832e+00 1.3285596e+00 1.3280524e+00 1.3271595e+00
1.3262843e+00 1.3270630e+00 1.3278382e+00 1.3284293e+00 1.3284083e+00 1.3279039e+00 1.3270134e+00
1.3261280e+00 1.3269077e+00 1.3276836e+00 1.3282759e+00 1.3282576e+00 1.3277560e+00 1.3268680e+00
1.3259721e+00 1.3267527e+00 1.3275293e+00 1.3281230e+00 1.3281073e+00 1.3276087e+00 1.3267231e+00
1.3258166e+00 1.3265980e+00 1.3273755e+00 1.3279704e+00 1.3279575e+00 1.3274618e+00 1.3265789e+00
1.3256612e+00 1.3264436e+00 1.3272219e+00 1.3278181e+00 1.3278081e+00 1.3273155e+00 1.3264351e+00
1.3255061e+00 1.3262894e+00 1.3270685e+00 1.3276661e+00 1.3276590e+00 1.3271694e+00 1.3262918e+00
1.3253509e+00 1.3261352e+00 1.3269152e+00 1.3275142e+00 1.3275100e+00 1.3270236e+00 1.3261487e+00
1.3251958e+00 1.3259811e+00 1.3267619e+00 1.3273623e+00 1.3273612e+00 1.3268781e+00 1.3260060e+00
1.3250405e+00 1.3258269e+00 1.3266085e+00 1.3272104e+00 1.3272124e+00 1.3267326e+00 1.3258634e+00
1.3248851e+00 1.3256726e+00 1.3264551e+00 1.3270585e+00 1.3270636e+00 1.3265872e+00 1.3257209e+00
1.3247295e+00 1.3255180e+00 1.3263014e+00 1.3269063e+00 1.3269148e+00 1.3264418e+00 1.3255785e+00
1.3245735e+00 1.3253631e+00 1.3261475e+00 1.3267540e+00 1.3267657e+00 1.3262964e+00 1.3254361e+00
1.3244171e+00 1.3252078e+00 1.3259932e+00 1.3266012e+00 1.3266164e+00 1.3261507e+00 1.3252936e+00
1.3242602e+00 1.3250520e+00 1.3258384e+00 1.3264481e+00 1.3264667e+00 1.3260047e+00 1.3251508e+00
1.3241026e+00 1.3248957e+00 1.3256830e+00 1.3262944e+00 1.3263166e+00 1.3258584e+00 1.3250079e+00
1.3239444e+00 1.3247387e+00 1.3255271e+00 1.3261401e+00 1.3261660e+00 1.3257117e+00 1.3248646e+00
1.3237855e+00 1.3245810e+00 1.3253705e+00 1.3259853e+00 1.3260149e+00 1.3255646e+00 1.3247209e+00
1.3236261e+00 1.3244229e+00 1.3252134e+00 1.3258300e+00 1.3258634e+00 1.3254172e+00 1.3245770e+00
1.3234666e+00 1.3242647e+00 1.3250563e+00 1.3256747e+00 1.3257121e+00 1.3252701e+00 1.3244334e+00
1.3233061e+00 1.3241055e+00 1.3248983e+00 1.3255186e+00 1.3255599e+00 1.3251222e+00 1.3242893e+00
1.3231445e+00 1.3239453e+00 1.3247392e+00 1.3253615e+00 1.3254069e+00 1.3249736e+00 1.3241446e+00
1.3229817e+00 1.3237839e+00 1.3245789e+00 1.3252032e+00 1.3252528e+00 1.3248239e+00 1.3239989e+00
1.3228174e+00 1.3236210e+00 1.3244173e+00 1.3250436e+00 1.3250975e+00 1.3246732e+00 1.3238522e+00
1.3226517e+00 1.3234567e+00 1.3242543e+00 1.3248826e+00 1.3249409e+00 1.3245214e+00 1.3237044e+00
1.3224843e+00 1.3232909e+00 1.3240897e+00 1.3247202e+00 1.3247830e+00 1.3243683e+00 1.3235553e+00
1.3223153e+00 1.3231234e+00 1.3239236e+00 1.3245562e+00 1.3246237e+00 1.3242139e+00 1.3234051e+00
1.3221445e+00 1.3229542e+00 1.3237557e+00 1.3243905e+00 1.3244627e+00 1.3240580e+00 1.3232536e+00
1.3219719e+00 1.3227832e+00 1.3235861e+00 1.3242232e+00 1.3243003e+00 1.3239007e+00 1.3231007e+00
1.3217974e+00 1.3226104e+00 1.3234146e+00 1.3240541e+00 1.3241361e+00 1.3237419e+00 1.3229464e+00
1.3216208e+00 1.3224355e+00 1.3232412e+00 1.3238831e+00 1.3239702e+00 1.3235814e+00 1.3227907e+00
1.3214422e+00 1.3222586e+00 1.3230658e+00 1.3237101e+00 1.3238025e+00 1.3234193e+00 1.3226334e+00
1.3212613e+00 1.3220796e+00 1.3228882e+00 1.3235351e+00 1.3236328e+00 1.3232554e+00 1.3224743e+00
1.3210781e+00 1.3218982e+00 1.3227084e+00 1.3233579e+00 1.3234611e+00 1.3230896e+00 1.3223135e+00
1.3208924e+00 1.3217144e+00 1.3225262e+00 1.3231783e+00 1.3232872e+00 1.3229216e+00 1.3221505e+00
1.3207036e+00 1.3215275e+00 1.3223409e+00 1.3229958e+00 1.3231104e+00 1.3227511e+00 1.3219853e+00
1.3205115e+00 1.3213374e+00 1.3221525e+00 1.3228101e+00 1.3229308e+00 1.3225778e+00 1.3218181e+00
1.3203184e+00 1.3211463e+00 1.3219632e+00 1.3226236e+00 1.3227505e+00 1.3224042e+00 1.3216499e+00
1.3201249e+00 1.3209550e+00 1.3217736e+00 1.3224370e+00 1.3225700e+00 1.3222302e+00 1.3214813e+00
1.3199279e+00 1.3207601e+00 1.3215804e+00 1.3222469e+00 1.3223862e+00 1.3220532e+00 1.3213103e+00
1.3197270e+00 1.3205614e+00 1.3213836e+00 1.3220532e+00 1.3221990e+00 1.3218730e+00 1.3211362e+00
1.3195225e+00 1.3203592e+00 1.3211833e+00 1.3218561e+00 1.3220087e+00 1.3216898e+00 1.3209592e+00
1.3193145e+00 1.3201535e+00 1.3209796e+00 1.3216556e+00 1.3218152e+00 1.3215037e+00 1.3207791e+00
1.3191024e+00 1.3199438e+00 1.3207719e+00 1.3214513e+00 1.3216180e+00 1.3213141e+00 1.3205959e+00
1.3188859e+00 1.3197298e+00 1.3205599e+00 1.3212427e+00 1.3214168e+00 1.3211208e+00 1.3204091e+00
1.3186649e+00 1.3195113e+00 1.3203436e+00 1.3210299e+00 1.3212115e+00 1.3209236e+00 1.3202187e+00
1.3184391e+00 1.3192881e+00 1.3201225e+00 1.3208125e+00 1.3210019e+00 1.3207223e+00 1.3200241e+00
1.3182080e+00 1.3190597e+00 1.3198963e+00 1.3205900e+00 1.3207874e+00 1.3205163e+00 1.3198251e+00
1.3179713e+00 1.3188257e+00 1.3196646e+00 1.3203622e+00 1.3205678e+00 1.3203056e+00 1.3196215e+00
1.3177288e+00 1.3185861e+00 1.3194274e+00 1.3201289e+00 1.3203429e+00 1.3200896e+00 1.3194128e+00
1.3174801e+00 1.3183402e+00 1.3191840e+00 1.3198895e+00 1.3201124e+00 1.3198686e+00 1.3191993e+00
1.3172248e+00 1.3180879e+00 1.3189341e+00 1.3196438e+00 1.3198758e+00 1.3196418e+00 1.3189799e+00
1.3169628e+00 1.3178290e+00 1.3186777e+00 1.3193918e+00 1.3196331e+00 1.3194092e+00 1.3187538e+00
1.3166941e+00 1.3175635e+00 1.3184148e+00 1.3191333e+00 1.3193846e+00 1.3191715e+00 1.3185196e+00
1.3164172e+00 1.3172898e+00 1.3181439e+00 1.3188669e+00 1.3191283e+00 1.3189261e+00 1.3182834e+00
1.3161241e+00 1.3170001e+00 1.3178570e+00 1.3185846e+00 1.3188565e+00 1.3186657e+00 1.3180366e+00
1.3158061e+00 1.3166856e+00 1.3175453e+00 1.3182778e+00 1.3185613e+00 1.3183832e+00 1.3177752e+00
1.3154756e+00 1.3163586e+00 1.3172213e+00 1.3179588e+00 1.3182574e+00 1.3180968e+00 1.3174958e+00
1.3152111e+00 1.3160977e+00 1.3169634e+00 1.3177060e+00 1.3180162e+00 1.3178680e+00 1.3172629e+00
1.3149854e+00 1.3158758e+00 1.3167446e+00 1.3174925e+00 1.3178120e+00 1.3176729e+00 1.3170676e+00
1.3147631e+00 1.3156574e+00 1.3165294e+00 1.3172827e+00 1.3176085e+00 1.3174747e+00 1.3169101e+00
1.3145323e+00 1.3154306e+00 1.3163059e+00 1.3170648e+00 1.3173952e+00 1.3172644e+00 1.3167319e+00
1.3142989e+00 1.3152013e+00 1.3160801e+00 1.3168447e+00 1.3171773e+00 1.3170464e+00 1.3165274e+00
1.3140407e+00 1.3149474e+00 1.3158297e+00 1.3166002e+00 1.3169413e+00 1.3168181e+00 1.3163187e+00
1.3137468e+00 1.3146579e+00 1.3155438e+00 1.3163205e+00 1.3166764e+00 1.3165693e+00 1.3160711e+00
1.3134248e+00 1.3143404e+00 1.3152300e+00 1.3160131e+00 1.3163849e+00 1.3162955e+00 1.3157956e+00
1.3130785e+00 1.3139989e+00 1.3148923e+00 1.3156819e+00 1.3160702e+00 1.3159991e+00 1.3154966e+00
1.3127193e+00 1.3136445e+00 1.3145418e+00 1.3153382e+00 1.3157411e+00 1.3156855e+00 1.3151889e+00
1.3123421e+00 1.3132722e+00 1.3141737e+00 1.3149770e+00 1.3153967e+00 1.3153596e+00 1.3148719e+00
1.3119526e+00 1.3128880e+00 1.3137936e+00 1.3146042e+00 1.3150394e+00 1.3150190e+00 1.3145452e+00
1.3115512e+00 1.3124918e+00 1.3134019e+00 1.3142199e+00 1.3146703e+00 1.3146659e+00 1.3142097e+00
1.3111378e+00 1.3120840e+00 1.3129985e+00 1.3138242e+00 1.3142908e+00 1.3143035e+00 1.3138638e+00
1.3107121e+00 1.3116640e+00 1.3125831e+00 1.3134168e+00 1.3139002e+00 1.3139308e+00 1.3135062e+00
1.3102735e+00 1.3112313e+00 1.3121552e+00 1.3129971e+00 1.3134978e+00 1.3135468e+00 1.3131379e+00
1.3098205e+00 1.3107843e+00 1.3117132e+00 1.3125637e+00 1.3130824e+00 1.3131506e+00 1.3127573e+00
1.3093524e+00 1.3103226e+00 1.3112566e+00 1.3121159e+00 1.3126532e+00 1.3127409e+00 1.3123644e+00
1.3088681e+00 1.3098448e+00 1.3107841e+00 1.3116525e+00 1.3122093e+00 1.3123179e+00 1.3119570e+00
1.3083663e+00 1.3093498e+00 1.3102945e+00 1.3111724e+00 1.3117485e+00 1.3118772e+00 1.3115348e+00
1.3078453e+00 1.3088358e+00 1.3097862e+00 1.3106740e+00 1.3112718e+00 1.3114239e+00 1.3110977e+00
1.3073045e+00 1.3083023e+00 1.3092585e+00 1.3101565e+00 1.3107760e+00 1.3109510e+00 1.3106433e+00
1.3067426e+00 1.3077479e+00 1.3087102e+00 1.3096187e+00 1.3102585e+00 1.3104543e+00 1.3101750e+00
1.3061615e+00 1.3071745e+00 1.3081431e+00 1.3090627e+00 1.3097240e+00 1.3099420e+00 1.3096840e+00
1.3055620e+00 1.3065832e+00 1.3075583e+00 1.3084893e+00 1.3091722e+00 1.3094123e+00 1.3091706e+00
1.3049307e+00 1.3059603e+00 1.3069421e+00 1.3078849e+00 1.3085931e+00 1.3088596e+00 1.3086398e+00
1.3042534e+00 1.3052918e+00 1.3062805e+00 1.3072357e+00 1.3079697e+00 1.3082630e+00 1.3080652e+00
1.3035136e+00 1.3045610e+00 1.3055571e+00 1.3065251e+00 1.3072838e+00 1.3076013e+00 1.3074223e+00
1.3026802e+00 1.3037370e+00 1.3047406e+00 1.3057219e+00 1.3065002e+00 1.3068317e+00 1.3066577e+00
1.3016906e+00 1.3027573e+00 1.3037686e+00 1.3047639e+00 1.3055810e+00 1.3059566e+00 1.3058211e+00
1.3005681e+00 1.3016450e+00 1.3026644e+00 1.3036742e+00 1.3046179e+00 1.3051792e+00 1.3052479e+00
1.3000524e+00 1.3011400e+00 1.3021677e+00 1.3031927e+00 1.3040873e+00 1.3045659e+00 1.3045445e+00
1.3000218e+00 1.3011204e+00 1.3021568e+00 1.3031976e+00 1.3041189e+00 1.3046193e+00 1.3046106e+00
1.2998665e+00 1.3009766e+00 1.3020221e+00 1.3030793e+00 1.3040152e+00 1.3045235e+00 1.3045177e+00
1.2994683e+00 1.3005904e+00 1.3016452e+00 1.3027197e+00 1.3036951e+00 1.3042453e+00 1.3042749e+00
1.2988237e+00 1.2999583e+00 1.3010229e+00 1.3021154e+00 1.3031212e+00 1.3037009e+00 1.3037545e+00
1.2980104e+00 1.2991581e+00 1.3002328e+00 1.3013442e+00 1.3023895e+00 1.3030103e+00 1.3030990e+00
1.2970829e+00 1.2982442e+00 1.2993294e+00 1.3004606e+00 1.3015338e+00 1.3021802e+00 1.3022897e+00
1.2960707e+00 1.2972462e+00 1.2983424e+00 1.2994942e+00 1.3005999e+00 1.3012773e+00 1.3014129e+00
1.2949962e+00 1.2961866e+00 1.2972941e+00 1.2984677e+00 1.2996175e+00 1.3003409e+00 1.3005160e+00
1.2938432e+00 1.2950490e+00 1.2961684e+00 1.2973648e+00 1.2985614e+00 1.2993336e+00 1.2995507e+00
1.2926279e+00 1.2938500e+00 1.2949817e+00 1.2962021e+00 1.2974442e+00 1.2982631e+00 1.2985202e+00
1.2913423e+00 1.2925813e+00 1.2937258e+00 1.2949714e+00 1.2962666e+00 1.2971415e+00 1.2974469e+00
1.2899867e+00 1.2912434e+00 1.2924012e+00 1.2936733e+00 1.2950234e+00 1.2959555e+00 1.2963103e+00
1.2885540e+00 1.2898293e+00 1.2910008e+00 1.2923009e+00 1.2937099e+00 1.2947040e+00 1.2951124e+00
1.2870399e+00 1.2883346e+00 1.2895205e+00 1.2908500e+00 1.2923201e+00 1.2933781e+00 1.2938415e+00
1.2854344e+00 1.2867494e+00 1.2879500e+00 1.2893107e+00 1.2908449e+00 1.2919698e+00 1.2924907e+00
1.2837269e+00 1.2850630e+00 1.2862790e+00 1.2876725e+00 1.2892740e+00 1.2904688e+00 1.2910497e+00
1.2819080e+00 1.2832662e+00 1.2844980e+00 1.2859263e+00 1.2875991e+00 1.2888679e+00 1.2895123e+00
1.2799632e+00 1.2813446e+00 1.2825927e+00 1.2840576e+00 1.2858092e+00 1.2871607e+00 1.2878766e+00
1.2778816e+00 1.2792871e+00 1.2805518e+00 1.2820556e+00 1.2838921e+00 1.2853333e+00 1.2861268e+00
1.2756478e+00 1.2770783e+00 1.2783600e+00 1.2799049e+00 1.2818259e+00 1.2833540e+00 1.2842215e+00
1.2732451e+00 1.2747016e+00 1.2760003e+00 1.2775889e+00 1.2796004e+00 1.2812220e+00 1.2821691e+00
1.2706740e+00 1.2721574e+00 1.2734732e+00 1.2751078e+00 1.2772108e+00 1.2789247e+00 1.2799493e+00
1.2678671e+00 1.2693781e+00 1.2707106e+00 1.2723939e+00 1.2745953e+00 1.2764088e+00 1.2775168e+00
1.2648208e+00 1.2663599e+00 1.2677083e+00 1.2694429e+00 1.2717581e+00 1.2736894e+00 1.2748975e+00
1.2614987e+00 1.2630659e+00 1.2644289e+00 1.2662174e+00 1.2686409e+00 1.2706796e+00 1.2719759e+00
1.2578527e+00 1.2594476e+00 1.2608228e+00 1.2626675e+00 1.2652286e+00 1.2674125e+00 1.2688320e+00
1.2539251e+00 1.2555465e+00 1.2569300e+00 1.2588326e+00 1.2615214e+00 1.2638328e+00 1.2653559e+00
1.2496504e+00 1.2512955e+00 1.2526815e+00 1.2546426e+00 1.2574651e+00 1.2599084e+00 1.2615364e+00
1.2447447e+00 1.2464086e+00 1.2477876e+00 1.2498057e+00 1.2527669e+00 1.2553452e+00 1.2570771e+00
1.2390573e+00 1.2407317e+00 1.2420886e+00 1.2441579e+00 1.2472493e+00 1.2499461e+00 1.2517597e+00
1.2323313e+00 1.2340022e+00 1.2353115e+00 1.2374182e+00 1.2406885e+00 1.2435713e+00 1.2455258e+00
1.2243468e+00 1.2259908e+00 1.2272075e+00 1.2293193e+00 1.2327269e+00 1.2357346e+00 1.2377533e+00
1.2148690e+00 1.2164583e+00 1.2174791e+00 1.2194997e+00 1.2228848e+00 1.2257849e+00 1.2275815e+00
1.2033138e+00 1.2047390e+00 1.2054130e+00 1.2072054e+00 1.2106761e+00 1.2136609e+00 1.2153939e+00
1.1878181e+00 1.1886099e+00 1.1887033e+00 1.1901638e+00 1.1939165e+00 1.1973974e+00 1.1995987e+00
1.1661707e+00 1.1655766e+00 1.1645322e+00 1.1651903e+00 1.1701822e+00 1.1761774e+00 1.1815148e+00
1.1412428e+00 1.1406314e+00 1.1395860e+00 1.1405021e+00 1.1461692e+00 1.1528058e+00 1.1585369e+00
1.1165169e+00 1.1175367e+00 1.1193052e+00 1.1245447e+00 1.1312157e+00 1.1369503e+00 1.1415363e+00
1.0936404e+00 1.0970845e+00 1.1017569e+00 1.1107631e+00 1.1210240e+00 1.1301425e+00 1.1381279e+00
1.0765236e+00 1.0835500e+00 1.0917356e+00 1.1052302e+00 1.1178362e+00 1.1280985e+00 1.1371016e+00
1.0722274e+00 1.0834800e+00 1.0951665e+00 1.1117895e+00 1.1268930e+00 1.1393154e+00 1.1503203e+00
1.0855882e+00 1.0999598e+00 1.1135774e+00 1.1307484e+00 1.1475485e+00 1.1621915e+00 1.1752211e+00
1.1170841e+00 1.1325582e+00 1.1460809e+00 1.1610631e+00 1.1791122e+00 1.1964980e+00 1.2119856e+00
1.1627779e+00 1.1775149e+00 1.1898502e+00 1.2020370e+00 1.2213201e+00 1.2415271e+00 1.2594361e+00
1.2173585e+00 1.2315690e+00 1.2426970e+00 1.2509695e+00 1.2695800e+00 1.2904684e+00 1.3086296e+00
1.2755745e+00 1.2877102e+00 1.2969266e+00 1.3016573e+00 1.3164479e+00 1.3335781e+00 1.3479355e+00
1.3276812e+00 1.3378065e+00 1.3448540e+00 1.3456365e+00 1.3588077e+00 1.3751420e+00 1.3883016e+00
1.3779079e+00 1.3848288e+00 1.3892813e+00 1.3869607e+00 1.3971166e+00 1.4103686e+00 1.4203001e+00
1.4271545e+00 1.4291926e+00 1.4298097e+00 1.4243202e+00 1.4315535e+00 1.4416341e+00 1.4482059e+00
1.4731109e+00 1.4721853e+00 1.4715150e+00 1.4634051e+00 1.4647037e+00 1.4681823e+00 1.4687058e+00
1.5134880e+00 1.5115238e+00 1.5110563e+00 1.5019309e+00 1.4924540e+00 1.4838698e+00 1.4748825e+00
1.5416487e+00 1.5384782e+00 1.5385320e+00 1.5309827e+00 1.5115140e+00 1.4912380e+00 1.4736472e+00
1.5570674e+00 1.5491594e+00 1.5449401e+00 1.5389754e+00 1.5158616e+00 1.4901454e+00 1.4684874e+00
1.5539706e+00 1.5429721e+00 1.5345815e+00 1.5277629e+00 1.5065063e+00 1.4825075e+00 1.4619734e+00
1.5399602e+00 1.5287733e+00 1.5180332e+00 1.5096142e+00 1.4917642e+00 1.4720248e+00 1.4547672e+00
1.5213805e+00 1.5111300e+00 1.5009621e+00 1.4922347e+00 1.4765623e+00 1.4596193e+00 1.4446121e+00
1.5022043e+00 1.4937228e+00 1.4856073e+00 1.4776656e+00 1.4629940e+00 1.4472042e+00 1.4331715e+00
1.4841814e+00 1.4774768e+00 1.4712676e+00 1.4645651e+00 1.4511016e+00 1.4364552e+00 1.4233745e+00
1.4686671e+00 1.4630041e+00 1.4580043e+00 1.4523042e+00 1.4403114e+00 1.4271445e+00 1.4152892e+00
1.4551245e+00 1.4502754e+00 1.4462580e+00 1.4414193e+00 1.4307859e+00 1.4190214e+00 1.4083488e+00
1.4431113e+00 1.4388994e+00 1.4356904e+00 1.4316138e+00 1.4221013e+00 1.4114784e+00 1.4017797e+00
1.4325751e+00 1.4288862e+00 1.4261463e+00 1.4225504e+00 1.4140180e+00 1.4044562e+00 1.3956839e+00
1.4233169e+00 1.4200055e+00 1.4176211e+00 1.4144175e+00 1.4066895e+00 1.3980030e+00 1.3900029e+00
1.4150878e+00 1.4121176e+00 1.4100405e+00 1.4071721e+00 1.4000923e+00 1.3921024e+00 1.3847170e+00
1.4078240e+00 1.4051038e+00 1.4032925e+00 1.4007332e+00 1.3942007e+00 1.3867891e+00 1.3799145e+00
1.4014465e+00 1.3989070e+00 1.3973249e+00 1.3950318e+00 1.3889343e+00 1.3819725e+00 1.3754891e+00
1.3957388e+00 1.3934027e+00 1.3920046e+00 1.3899031e+00 1.3841837e+00 1.3776306e+00 1.3715061e+00
1.3905657e+00 1.3884082e+00 1.3871648e+00 1.3852252e+00 1.3798230e+00 1.3736088e+00 1.3677787e+00
1.3858001e+00 1.3838122e+00 1.3827076e+00 1.3809138e+00 1.3758049e+00 1.3699071e+00 1.3643548e+00
1.3813663e+00 1.3795398e+00 1.3785630e+00 1.3769010e+00 1.3720698e+00 1.3664779e+00 1.3611986e+00
1.3772461e+00 1.3755594e+00 1.3746902e+00 1.3731464e+00 1.3685819e+00 1.3632887e+00 1.3582802e+00
1.3734000e+00 1.3718377e+00 1.3710778e+00 1.3696569e+00 1.3653412e+00 1.3603221e+00 1.3555607e+00
1.3698400e+00 1.3683609e+00 1.3677214e+00 1.3664441e+00 1.3623539e+00 1.3575691e+00 1.3530150e+00
1.3665898e+00 1.3651619e+00 1.3646329e+00 1.3634864e+00 1.3595856e+00 1.3549930e+00 1.3506051e+00
1.3635992e+00 1.3622357e+00 1.3618116e+00 1.3607754e+00 1.3570175e+00 1.3525640e+00 1.3482926e+00
1.3608431e+00 1.3595747e+00 1.3592329e+00 1.3582688e+00 1.3546302e+00 1.3502993e+00 1.3461307e+00
1.3583085e+00 1.3571460e+00 1.3568453e+00 1.3559043e+00 1.3523740e+00 1.3481692e+00 1.3441083e+00
1.3559958e+00 1.3549179e+00 1.3546013e+00 1.3536360e+00 1.3502063e+00 1.3461331e+00 1.3421857e+00
1.3538043e+00 1.3528278e+00 1.3524562e+00 1.3514295e+00 1.3480825e+00 1.3441276e+00 1.3402822e+00
1.3516560e+00 1.3507644e+00 1.3503771e+00 1.3493282e+00 1.3460662e+00 1.3422218e+00 1.3384715e+00
1.3496393e+00 1.3487241e+00 1.3483730e+00 1.3473748e+00 1.3441935e+00 1.3404328e+00 1.3367531e+00
1.3476826e+00 1.3467476e+00 1.3464720e+00 1.3455542e+00 1.3424382e+00 1.3387333e+00 1.3350987e+00
1.3456526e+00 1.3448530e+00 1.3446560e+00 1.3437820e+00 1.3407326e+00 1.3370960e+00 1.3335182e+00
1.3438049e+00 1.3431175e+00 1.3429447e+00 1.3420581e+00 1.3390892e+00 1.3355601e+00 1.3320753e+00
1.3423060e+00 1.3415967e+00 1.3413892e+00 1.3404733e+00 1.3375543e+00 1.3340964e+00 1.3306711e+00
1.3410671e+00 1.3403508e+00 1.3400818e+00 1.3391017e+00 1.3361996e+00 1.3327809e+00 1.3293853e+00
1.3401231e+00 1.3393457e+00 1.3390042e+00 1.3379591e+00 1.3350652e+00 1.3316751e+00 1.3282989e+00
1.3396182e+00 1.3386403e+00 1.3382079e+00 1.3371073e+00 1.3341534e+00 1.3307011e+00 1.3272610e+00
1.3396356e+00 1.3384234e+00 1.3378441e+00 1.3366279e+00 1.3335291e+00 1.3299245e+00 1.3263376e+00
1.3401269e+00 1.3387019e+00 1.3378753e+00 1.3364369e+00 1.3331904e+00 1.3294615e+00 1.3257501e+00
1.3409093e+00 1.3393055e+00 1.3381688e+00 1.3364424e+00 1.3330663e+00 1.3292553e+00 1.3254553e+00
1.3415735e+00 1.3398812e+00 1.3385059e+00 1.3365443e+00 1.3331203e+00 1.3293190e+00 1.3255152e+00
1.3416803e+00 1.3400478e+00 1.3386092e+00 1.3365555e+00 1.3330980e+00 1.3292749e+00 1.3254367e+00
1.3411163e+00 1.3396319e+00 1.3382888e+00 1.3362957e+00 1.3328810e+00 1.3290843e+00 1.3252570e+00
1.3399736e+00 1.3386632e+00 1.3374943e+00 1.3356542e+00 1.3323031e+00 1.3285222e+00 1.3246933e+00
1.3383662e+00 1.3372316e+00 1.3362543e+00 1.3346011e+00 1.3314032e+00 1.3277495e+00 1.3240312e+00
1.3363583e+00 1.3353752e+00 1.3345960e+00 1.3331534e+00 1.3301186e+00 1.3265956e+00 1.3229922e+00
1.3340578e+00 1.3331921e+00 1.3325910e+00 1.3313515e+00 1.3285523e+00 1.3252756e+00 1.3219159e+00
1.3315721e+00 1.3307868e+00 1.3303337e+00 1.3292719e+00 1.3267125e+00 1.3237057e+00 1.3206230e+00
1.3289408e+00 1.3282155e+00 1.3278858e+00 1.3269716e+00 1.3246250e+00 1.3218652e+00 1.3190389e+00
1.3261832e+00 1.3254850e+00 1.3252627e+00 1.3244781e+00 1.3223346e+00 1.3198199e+00 1.3172509e+00
1.3233072e+00 1.3225976e+00 1.3224722e+00 1.3218104e+00 1.3198552e+00 1.3175679e+00 1.3152370e+00
1.3202981e+00 1.3195787e+00 1.3195392e+00 1.3189797e+00 1.3171599e+00 1.3150256e+00 1.3128469e+00
1.3171512e+00 1.3164685e+00 1.3165063e+00 1.3160155e+00 1.3142956e+00 1.3122747e+00 1.3102030e+00
1.3138435e+00 1.3132167e+00 1.3133397e+00 1.3129098e+00 1.3112576e+00 1.3093060e+00 1.3072928e+00
1.3103349e+00 1.3097614e+00 1.3099638e+00 1.3095843e+00 1.3079720e+00 1.3060536e+00 1.3040604e+00
1.3065256e+00 1.3060259e+00 1.3062985e+00 1.3059522e+00 1.3044173e+00 1.3025958e+00 1.3006911e+00
1.3022269e+00 1.3017787e+00 1.3021438e+00 1.3018680e+00 1.3004357e+00 1.2987325e+00 1.2969380e+00
1.2971634e+00 1.2967543e+00 1.2972445e+00 1.2971002e+00 1.2958635e+00 1.2943884e+00 1.2928198e+00
1.2910035e+00 1.2907789e+00 1.2915007e+00 1.2916064e+00 1.2906011e+00 1.2893464e+00 1.2879915e+00
1.2843655e+00 1.2841974e+00 1.2851245e+00 1.2853852e+00 1.2845790e+00 1.2835583e+00 1.2824264e+00
1.2773361e+00 1.2769421e+00 1.2780233e+00 1.2782680e+00 1.2776224e+00 1.2768859e+00 1.2760229e+00
1.2697554e+00 1.2687795e+00 1.2698815e+00 1.2698346e+00 1.2694126e+00 1.2691953e+00 1.2688289e+00
1.2617984e+00 1.2603003e+00 1.2608262e+00 1.2600366e+00 1.2596119e+00 1.2597070e+00 1.2596233e+00
1.2570539e+00 1.2544866e+00 1.2537226e+00 1.2517857e+00 1.2513637e+00 1.2518839e+00 1.2521844e+00
1.2610372e+00 1.2561185e+00 1.2533342e+00 1.2496987e+00 1.2478937e+00 1.2472123e+00 1.2463864e+00
1.2746045e+00 1.2682363e+00 1.2639338e+00 1.2590988e+00 1.2554205e+00 1.2526335e+00 1.2498089e+00
1.2956091e+00 1.2896264e+00 1.2851370e+00 1.2804777e+00 1.2766287e+00 1.2733927e+00 1.2700801e+00
1.3213792e+00 1.3178134e+00 1.3149041e+00 1.3124057e+00 1.3092895e+00 1.3059445e+00 1.3024846e+00
1.3424299e+00 1.3422499e+00 1.3422341e+00 1.3435495e+00 1.3433795e+00 1.3422953e+00 1.3410570e+00
1.3536963e+00 1.3559113e+00 1.3576977e+00 1.3613185e+00 1.3615459e+00 1.3599190e+00 1.3581918e+00
1.3563264e+00 1.3585150e+00 1.3597627e+00 1.3624758e+00 1.3617867e+00 1.3593018e+00 1.3567200e+00
1.3543205e+00 1.3555251e+00 1.3555489e+00 1.3565248e+00 1.3549772e+00 1.3521025e+00 1.3491321e+00
1.3498755e+00 1.3500928e+00 1.3492846e+00 1.3490253e+00 1.3477439e+00 1.3458346e+00 1.3437916e+00
1.3445254e+00 1.3444707e+00 1.3438133e+00 1.3436308e+00 1.3423952e+00 1.3405619e+00 1.3385853e+00
1.3401151e+00 1.3399193e+00 1.3393715e+00 1.3392553e+00 1.3381966e+00 1.3366060e+00 1.3348575e+00
1.3361350e+00 1.3358509e+00 1.3353726e+00 1.3352935e+00 1.3342724e+00 1.3327339e+00 1.3310299e+00
1.3326280e+00 1.3322734e+00 1.3318271e+00 1.3317504e+00 1.3308071e+00 1.3293850e+00 1.3277866e+00
1.3296746e+00 1.3292663e+00 1.3288426e+00 1.3287655e+00 1.3277613e+00 1.3262647e+00 1.3245922e+00
1.3270693e+00 1.3266197e+00 1.3262144e+00 1.3261384e+00 1.3250373e+00 1.3234162e+00 1.3216242e+00
1.3246181e+00 1.3241361e+00 1.3237473e+00 1.3236748e+00 1.3225935e+00 1.3210026e+00 1.3192357e+00
1.3223840e+00 1.3218762e+00 1.3215027e+00 1.3214363e+00 1.3203088e+00 1.3186572e+00 1.3168313e+00
1.3203010e+00 1.3197728e+00 1.3194138e+00 1.3193562e+00 1.3182105e+00 1.3165341e+00 1.3146826e+00
1.3182940e+00 1.3177492e+00 1.3174046e+00 1.3173580e+00 1.3161789e+00 1.3144557e+00 1.3125583e+00
1.3163332e+00 1.3157753e+00 1.3154449e+00 1.3154116e+00 1.3142116e+00 1.3124567e+00 1.3105275e+00
1.3144266e+00 1.3138584e+00 1.3135422e+00 1.3135243e+00 1.3123425e+00 1.3106069e+00 1.3086933e+00
1.3125633e+00 1.3119872e+00 1.3116855e+00 1.3116850e+00 1.3105135e+00 1.3087858e+00 1.3068769e+00
1.3107315e+00 1.3101498e+00 1.3098628e+00 1.3098815e+00 1.3087166e+00 1.3069900e+00 1.3050797e+00
1.3089205e+00 1.3083350e+00 1.3080632e+00 1.3081032e+00 1.3069363e+00 1.3051984e+00 1.3032752e+00
1.3071216e+00 1.3065342e+00 1.3062781e+00 1.3063412e+00 1.3051871e+00 1.3034564e+00 1.3015372e+00
1.3053396e+00 1.3047522e+00 1.3045124e+00 1.3046004e+00 1.3034283e+00 1.3016624e+00 1.2997077e+00
1.3035514e+00 1.3029656e+00 1.3027428e+00 1.3028579e+00 1.3016616e+00 1.2998510e+00 1.2978518e+00
1.3017481e+00 1.3011659e+00 1.3009608e+00 1.3011049e+00 1.2999004e+00 1.2980654e+00 1.2960402e+00
1.2999188e+00 1.2993418e+00 1.2991554e+00 1.2993306e+00 1.2980934e+00 1.2961995e+00 1.2941159e+00
1.2980784e+00 1.2975087e+00 1.2973419e+00 1.2975503e+00 1.2962899e+00 1.2943484e+00 1.2922162e+00
1.2962539e+00 1.2956934e+00 1.2955473e+00 1.2957910e+00 1.2945050e+00 1.2925106e+00 1.2903241e+00
1.2941827e+00 1.2936336e+00 1.2935093e+00 1.2937906e+00 1.2925464e+00 1.2905894e+00 1.2884335e+00
1.2919439e+00 1.2914085e+00 1.2913072e+00 1.2916285e+00 1.2904374e+00 1.2885324e+00 1.2864207e+00
1.2894728e+00 1.2889535e+00 1.2888763e+00 1.2892400e+00 1.2881623e+00 1.2863914e+00 1.2844032e+00
1.2870315e+00 1.2865311e+00 1.2864793e+00 1.2868876e+00 1.2858928e+00 1.2842128e+00 1.2823067e+00
1.2845746e+00 1.2840959e+00 1.2840706e+00 1.2845260e+00 1.2836123e+00 1.2820196e+00 1.2801921e+00
1.2819371e+00 1.2814834e+00 1.2814854e+00 1.2819899e+00 1.2811520e+00 1.2796377e+00 1.2778799e+00
1.2791446e+00 1.2787192e+00 1.2787491e+00 1.2793045e+00 1.2785987e+00 1.2772408e+00 1.2756291e+00
1.2762087e+00 1.2758151e+00 1.2758726e+00 1.2764798e+00 1.2758978e+00 1.2746839e+00 1.2732061e+00
1.2732746e+00 1.2729165e+00 1.2729997e+00 1.2736582e+00 1.2731941e+00 1.2721155e+00 1.2707629e+00
1.2704483e+00 1.2701285e+00 1.2702320e+00 1.2709378e+00 1.2705225e+00 1.2694819e+00 1.2681577e+00
1.2672977e+00 1.2670158e+00 1.2671236e+00 1.2678622e+00 1.2675798e+00 1.2667007e+00 1.2655267e+00
1.2638217e+00 1.2635666e+00 1.2636343e+00 1.2643643e+00 1.2642939e+00 1.2637045e+00 1.2628094e+00
1.2601647e+00 1.2599796e+00 1.2600773e+00 1.2608619e+00 1.2609739e+00 1.2606078e+00 1.2599247e+00
1.2562508e+00 1.2561707e+00 1.2563372e+00 1.2572082e+00 1.2575278e+00 1.2574090e+00 1.2569615e+00
1.2520561e+00 1.2521154e+00 1.2523898e+00 1.2533902e+00 1.2539623e+00 1.2541366e+00 1.2539704e+00
1.2475112e+00 1.2477522e+00 1.2481701e+00 1.2493343e+00 1.2501367e+00 1.2505562e+00 1.2506220e+00
1.2427199e+00 1.2431370e+00 1.2436956e+00 1.2450335e+00 1.2461345e+00 1.2468908e+00 1.2472800e+00
1.2375811e+00 1.2381862e+00 1.2389007e+00 1.2404366e+00 1.2418724e+00 1.2430046e+00 1.2437554e+00
1.2321688e+00 1.2329168e+00 1.2338231e+00 1.2356163e+00 1.2373901e+00 1.2388781e+00 1.2399681e+00
1.2263213e+00 1.2271832e+00 1.2283300e+00 1.2304536e+00 1.2326158e+00 1.2345005e+00 1.2359685e+00
1.2198865e+00 1.2207799e+00 1.2222990e+00 1.2249376e+00 1.2275349e+00 1.2298095e+00 1.2316458e+00
1.2128063e+00 1.2137117e+00 1.2157023e+00 1.2189889e+00 1.2221144e+00 1.2248552e+00 1.2271327e+00
1.2052987e+00 1.2064439e+00 1.2089284e+00 1.2128300e+00 1.2164814e+00 1.2196903e+00 1.2224064e+00
1.1969398e+00 1.1985393e+00 1.2015947e+00 1.2061517e+00 1.2102745e+00 1.2138527e+00 1.2169073e+00
1.1878974e+00 1.1903722e+00 1.1940628e+00 1.1992290e+00 1.2038220e+00 1.2077782e+00 1.2111777e+00
1.1780627e+00 1.1816631e+00 1.1861541e+00 1.1920435e+00 1.1971359e+00 1.2014655e+00 1.2052034e+00
1.1673732e+00 1.1721285e+00 1.1776786e+00 1.1845871e+00 1.1899595e+00 1.1942624e+00 1.1979666e+00
1.1558397e+00 1.1616071e+00 1.1685451e+00 1.1768976e+00 1.1828386e+00 1.1873556e+00 1.1912519e+00
1.1434075e+00 1.1500733e+00 1.1588958e+00 1.1693034e+00 1.1758318e+00 1.1803744e+00 1.1842905e+00
1.1307481e+00 1.1382397e+00 1.1490239e+00 1.1617172e+00 1.1688681e+00 1.1733810e+00 1.1772659e+00
1.1195033e+00 1.1274067e+00 1.1389907e+00 1.1530118e+00 1.1609376e+00 1.1659226e+00 1.1702381e+00
1.1095161e+00 1.1175611e+00 1.1292548e+00 1.1440166e+00 1.1528055e+00 1.1585734e+00 1.1636067e+00
1.1009899e+00 1.1087377e+00 1.1200078e+00 1.1350815e+00 1.1448274e+00 1.1516479e+00 1.1576453e+00
1.0942915e+00 1.1011577e+00 1.1115326e+00 1.1264846e+00 1.1370590e+00 1.1449165e+00 1.1518529e+00
1.0903161e+00 1.0957771e+00 1.1044992e+00 1.1182913e+00 1.1290375e+00 1.1374632e+00 1.1449034e+00
1.0877103e+00 1.0918346e+00 1.0990122e+00 1.1115972e+00 1.1224268e+00 1.1313369e+00 1.1391984e+00
1.0866600e+00 1.0892885e+00 1.0950480e+00 1.1063473e+00 1.1167575e+00 1.1255716e+00 1.1333380e+00
1.0875067e+00 1.0883388e+00 1.0926959e+00 1.1024396e+00 1.1122588e+00 1.1209079e+00 1.1285177e+00
1.0901848e+00 1.0889618e+00 1.0919031e+00 1.0998221e+00 1.1081402e+00 1.1156173e+00 1.1222034e+00
1.0945300e+00 1.0911361e+00 1.0926128e+00 1.0985230e+00 1.1062606e+00 1.1138112e+00 1.1204366e+00
1.1002708e+00 1.0947860e+00 1.0947066e+00 1.0985595e+00 1.1046241e+00 1.1108774e+00 1.1163649e+00
1.1072242e+00 1.0998118e+00 1.0980819e+00 1.0999025e+00 1.1036386e+00 1.1077312e+00 1.1113355e+00
1.1152731e+00 1.1060882e+00 1.1026397e+00 1.1024802e+00 1.1056569e+00 1.1097607e+00 1.1133279e+00
1.1243240e+00 1.1134509e+00 1.1082341e+00 1.1061456e+00 1.1076785e+00 1.1103838e+00 1.1126961e+00
1.1343321e+00 1.1217455e+00 1.1147329e+00 1.1107338e+00 1.1114472e+00 1.1137864e+00 1.1157329e+00
1.1451945e+00 1.1308430e+00 1.1220293e+00 1.1161408e+00 1.1157210e+00 1.1172848e+00 1.1185061e+00
1.1567927e+00 1.1406589e+00 1.1300609e+00 1.1223244e+00 1.1214242e+00 1.1230362e+00 1.1242551e+00
1.1690945e+00 1.1511920e+00 1.1388803e+00 1.1293222e+00 1.1276200e+00 1.1288676e+00 1.1297193e+00
1.1820785e+00 1.1624668e+00 1.1485663e+00 1.1371985e+00 1.1342823e+00 1.1346500e+00 1.1346756e+00
1.1956741e+00 1.1744455e+00 1.1591095e+00 1.1459390e+00 1.1420577e+00 1.1418889e+00 1.1413890e+00
1.2097876e+00 1.1870469e+00 1.1704324e+00 1.1554651e+00 1.1504199e+00 1.1494818e+00 1.1482472e+00
1.2242905e+00 1.2001735e+00 1.1824053e+00 1.1656857e+00 1.1593354e+00 1.1574412e+00 1.1553036e+00
1.2390167e+00 1.2136991e+00 1.1948480e+00 1.1764851e+00 1.1688900e+00 1.1660644e+00 1.1630427e+00
1.2538380e+00 1.2275152e+00 1.2076192e+00 1.1877511e+00 1.1789665e+00 1.1752050e+00 1.1712924e+00
1.2687021e+00 1.2415593e+00 1.2206488e+00 1.1994153e+00 1.1894487e+00 1.1846815e+00 1.1798130e+00
1.2835569e+00 1.2557871e+00 1.2339075e+00 1.2114194e+00 1.2001719e+00 1.1942085e+00 1.1882128e+00
1.2983682e+00 1.2701767e+00 1.2474204e+00 1.2237116e+00 1.2111608e+00 1.2039596e+00 1.1967969e+00
1.3130773e+00 1.2846386e+00 1.2611154e+00 1.2361507e+00 1.2221751e+00 1.2136084e+00 1.2051631e+00
1.3276829e+00 1.2992030e+00 1.2750621e+00 1.2488340e+00 1.2335463e+00 1.2237822e+00 1.2142004e+00
1.3421480e+00 1.3137849e+00 1.2891440e+00 1.2616493e+00 1.2450482e+00 1.2341010e+00 1.2233927e+00
1.3564880e+00 1.3282884e+00 1.3032188e+00 1.2745018e+00 1.2562688e+00 1.2437134e+00 1.2314973e+00
1.3707518e+00 1.3425997e+00 1.3171004e+00 1.2872865e+00 1.2674430e+00 1.2532454e+00 1.2394873e+00
1.3848899e+00 1.3566208e+00 1.3306628e+00 1.2999225e+00 1.2786804e+00 1.2630266e+00 1.2478883e+00
1.3988592e+00 1.3703209e+00 1.3438691e+00 1.3123765e+00 1.2898674e+00 1.2728341e+00 1.2563802e+00
1.4125958e+00 1.3836885e+00 1.3567315e+00 1.3246576e+00 1.3008695e+00 1.2823487e+00 1.2644780e+00
1.4258527e+00 1.3966611e+00 1.3692807e+00 1.3367816e+00 1.3118542e+00 1.2919516e+00 1.2727544e+00
1.4383895e+00 1.4092032e+00 1.3815796e+00 1.3487851e+00 1.3226775e+00 1.3012841e+00 1.2806564e+00
1.4501874e+00 1.4213585e+00 1.3937011e+00 1.3607308e+00 1.3335706e+00 1.3108065e+00 1.2888510e+00
1.4611692e+00 1.4330586e+00 1.4056080e+00 1.3725863e+00 1.3444289e+00 1.3203219e+00 1.2970579e+00
1.4713391e+00 1.4442557e+00 1.4171974e+00 1.3842498e+00 1.3551524e+00 1.3297229e+00 1.3051624e+00
1.4807617e+00 1.4549532e+00 1.4283805e+00 1.3956345e+00 1.3658165e+00 1.3392819e+00 1.3136196e+00
1.4894782e+00 1.4650482e+00 1.4388989e+00 1.4064748e+00 1.3763031e+00 1.3490585e+00 1.3226587e+00
1.4975778e+00 1.4745807e+00 1.4487593e+00 1.4167765e+00 1.3860955e+00 1.3578261e+00 1.3303900e+00
1.5050792e+00 1.4835209e+00 1.4579034e+00 1.4264558e+00 1.3959677e+00 1.3675368e+00 1.3398773e+00
1.5120419e+00 1.4919103e+00 1.4664312e+00 1.4355953e+00 1.4052018e+00 1.3764108e+00 1.3483405e+00
1.5185568e+00 1.4998231e+00 1.4745304e+00 1.4443799e+00 1.4135046e+00 1.3835251e+00 1.3542495e+00
1.5247437e+00 1.5073379e+00 1.4825033e+00 1.4531067e+00 1.4228936e+00 1.3933376e+00 1.3644030e+00
1.5306731e+00 1.5145280e+00 1.4905055e+00 1.4619307e+00 1.4320101e+00 1.4024268e+00 1.3734023e+00
1.5363902e+00 1.5214397e+00 1.4985995e+00 1.4708878e+00 1.4410381e+00 1.4111989e+00 1.3818623e+00
1.5419284e+00 1.5281355e+00 1.5068290e+00 1.4800167e+00 1.4502175e+00 1.4201719e+00 1.3905705e+00
1.5472659e+00 1.5345492e+00 1.5149747e+00 1.4890680e+00 1.4590317e+00 1.4284316e+00 1.3982193e+00
1.5523743e+00 1.5406123e+00 1.5227732e+00 1.4977504e+00 1.4675610e+00 1.4365479e+00 1.4058594e+00
1.5572013e+00 1.5462414e+00 1.5299256e+00 1.5057362e+00 1.4756718e+00 1.4446258e+00 1.4138364e+00
1.5616699e+00 1.5513809e+00 1.5362626e+00 1.5128495e+00 1.4830972e+00 1.4522423e+00 1.4215769e+00
1.5657318e+00 1.5559820e+00 1.5417496e+00 1.5190895e+00 1.4897064e+00 1.4590621e+00 1.4285410e+00
1.5692670e+00 1.5600559e+00 1.5465023e+00 1.5246311e+00 1.4960410e+00 1.4661420e+00 1.4363149e+00
1.5723920e+00 1.5637264e+00 1.5507225e+00 1.5296594e+00 1.5022787e+00 1.4736910e+00 1.4451513e+00
1.5751997e+00 1.5670642e+00 1.5545176e+00 1.5342620e+00 1.5078506e+00 1.4802031e+00 1.4525773e+00
1.5777459e+00 1.5701204e+00 1.5579676e+00 1.5385070e+00 1.5130390e+00 1.4862890e+00 1.4595401e+00
1.5800544e+00 1.5729171e+00 1.5611044e+00 1.5424262e+00 1.5181102e+00 1.4925674e+00 1.4670276e+00
1.5821568e+00 1.5754865e+00 1.5639782e+00 1.5460633e+00 1.5224543e+00 1.4974635e+00 1.4724505e+00
1.5840741e+00 1.5778506e+00 1.5666215e+00 1.5494482e+00 1.5269212e+00 1.5030550e+00 1.4791778e+00
1.5858184e+00 1.5800220e+00 1.5690513e+00 1.5525984e+00 1.5308792e+00 1.5077403e+00 1.4845842e+00
1.5874029e+00 1.5820146e+00 1.5712877e+00 1.5555329e+00 1.5347722e+00 1.5126020e+00 1.4904274e+00
1.5888453e+00 1.5838485e+00 1.5733613e+00 1.5582791e+00 1.5378733e+00 1.5157835e+00 1.4936506e+00
1.5901515e+00 1.5855302e+00 1.5752796e+00 1.5608459e+00 1.5406787e+00 1.5185110e+00 1.4962526e+00
1.5913276e+00 1.5870662e+00 1.5770507e+00 1.5632421e+00 1.5435635e+00 1.5217112e+00 1.4997456e+00
1.5923835e+00 1.5884685e+00 1.5786923e+00 1.5654844e+00 1.5463554e+00 1.5249307e+00 1.5033791e+00
1.5933821e+00 1.5898016e+00 1.5802693e+00 1.5676367e+00 1.5490746e+00 1.5281253e+00 1.5070407e+00
1.5942068e+00 1.5909498e+00 1.5816730e+00 1.5695947e+00 1.5516009e+00 1.5311497e+00 1.5105588e+00
1.5949254e+00 1.5919817e+00 1.5829701e+00 1.5714239e+00 1.5540059e+00 1.5340849e+00 1.5140245e+00
1.5955403e+00 1.5929001e+00 1.5841634e+00 1.5731281e+00 1.5563319e+00 1.5370325e+00 1.5176042e+00
1.5960560e+00 1.5937128e+00 1.5852653e+00 1.5747209e+00 1.5585663e+00 1.5399405e+00 1.5212038e+00
1.5964733e+00 1.5944215e+00 1.5862773e+00 1.5762052e+00 1.5607089e+00 1.5428030e+00 1.5248119e+00
1.5967926e+00 1.5950277e+00 1.5872013e+00 1.5775844e+00 1.5627631e+00 1.5456233e+00 1.5284316e+00
1.5970142e+00 1.5955327e+00 1.5880391e+00 1.5788617e+00 1.5647353e+00 1.5484113e+00 1.5320773e+00
1.5971376e+00 1.5959374e+00 1.5887919e+00 1.5800402e+00 1.5666348e+00 1.5511856e+00 1.5357784e+00
1.5971617e+00 1.5962420e+00 1.5894604e+00 1.5811219e+00 1.5684778e+00 1.5539837e+00 1.5395961e+00
1.5970851e+00 1.5964458e+00 1.5900441e+00 1.5821080e+00 1.5703046e+00 1.5569069e+00 1.5437004e+00
1.5969040e+00 1.5965490e+00 1.5905442e+00 1.5830035e+00 1.5722340e+00 1.5602508e+00 1.5485854e+00
1.5966148e+00 1.5965490e+00 1.5909581e+00 1.5838078e+00 1.5738379e+00 1.5629122e+00 1.5523926e+00
1.5962127e+00 1.5964428e+00 1.5912829e+00 1.5845205e+00 1.5752412e+00 1.5652104e+00 1.5556573e+00
1.5956914e+00 1.5962261e+00 1.5915148e+00 1.5851408e+00 1.5764789e+00 1.5672338e+00 1.5585277e+00
1.5950425e+00 1.5958933e+00 1.5916484e+00 1.5856670e+00 1.5775331e+00 1.5689365e+00 1.5609261e+00
1.5942552e+00 1.5954366e+00 1.5916768e+00 1.5860962e+00 1.5785050e+00 1.5705804e+00 1.5632935e+00
1.5933137e+00 1.5948445e+00 1.5915897e+00 1.5864234e+00 1.5793900e+00 1.5721569e+00 1.5656169e+00
1.5921936e+00 1.5940986e+00 1.5913713e+00 1.5866402e+00 1.5801792e+00 1.5736512e+00 1.5678748e+00
1.5908448e+00 1.5931607e+00 1.5909898e+00 1.5867278e+00 1.5808876e+00 1.5751224e+00 1.5701755e+00
1.5891796e+00 1.5919646e+00 1.5903912e+00 1.5866538e+00 1.5814510e+00 1.5764412e+00 1.5723165e+00
1.5873456e+00 1.5906298e+00 1.5896679e+00 1.5864870e+00 1.5818820e+00 1.5775430e+00 1.5741467e+00
1.5854306e+00 1.5892038e+00 1.5888320e+00 1.5862540e+00 1.5822357e+00 1.5785091e+00 1.5757763e+00
1.5834517e+00 1.5877143e+00 1.5879248e+00 1.5859154e+00 1.5824702e+00 1.5793575e+00 1.5772905e+00
1.5811576e+00 1.5859740e+00 1.5868293e+00 1.5854817e+00 1.5826100e+00 1.5800561e+00 1.5785936e+00
1.5788917e+00 1.5842297e+00 1.5856904e+00 1.5849184e+00 1.5825543e+00 1.5805101e+00 1.5795979e+00
1.5764315e+00 1.5823282e+00 1.5844294e+00 1.5843214e+00 1.5824390e+00 1.5808055e+00 1.5803340e+00
1.5740965e+00 1.5804985e+00 1.5831792e+00 1.5836533e+00 1.5821709e+00 1.5808670e+00 1.5807469e+00
1.5716375e+00 1.5785504e+00 1.5818133e+00 1.5828968e+00 1.5818131e+00 1.5808164e+00 1.5810235e+00
1.5691415e+00 1.5765664e+00 1.5804095e+00 1.5821040e+00 1.5813914e+00 1.5806574e+00 1.5811429e+00
1.5666042e+00 1.5745350e+00 1.5789490e+00 1.5812042e+00 1.5808255e+00 1.5803309e+00 1.5810699e+00
1.5640412e+00 1.5724638e+00 1.5774309e+00 1.5802592e+00 1.5801773e+00 1.5798517e+00 1.5807673e+00
1.5614665e+00 1.5703654e+00 1.5758665e+00 1.5792628e+00 1.5794277e+00 1.5791931e+00 1.5802011e+00
1.5588663e+00 1.5682313e+00 1.5742531e+00 1.5781831e+00 1.5785274e+00 1.5783027e+00 1.5793157e+00
1.5562140e+00 1.5660438e+00 1.5725826e+00 1.5770292e+00 1.5774441e+00 1.5770757e+00 1.5779288e+00
1.5534729e+00 1.5637631e+00 1.5708126e+00 1.5757915e+00 1.5762023e+00 1.5755639e+00 1.5761229e+00
1.5507669e+00 1.5614935e+00 1.5690256e+00 1.5744963e+00 1.5749344e+00 1.5740983e+00 1.5744426e+00
1.5479282e+00 1.5591009e+00 1.5671245e+00 1.5731175e+00 1.5735421e+00 1.5724269e+00 1.5724706e+00
1.5450601e+00 1.5566705e+00 1.5651744e+00 1.5716874e+00 1.5719073e+00 1.5702236e+00 1.5696586e+00
1.5421062e+00 1.5541554e+00 1.5631391e+00 1.5701517e+00 1.5702967e+00 1.5682564e+00 1.5673108e+00
1.5390257e+00 1.5515181e+00 1.5609847e+00 1.5684826e+00 1.5686053e+00 1.5663000e+00 1.5650724e+00
1.5358351e+00 1.5487721e+00 1.5587215e+00 1.5667085e+00 1.5667313e+00 1.5640407e+00 1.5624031e+00
1.5324889e+00 1.5458769e+00 1.5563143e+00 1.5648005e+00 1.5647909e+00 1.5618114e+00 1.5598672e+00
1.5289845e+00 1.5428323e+00 1.5537657e+00 1.5627619e+00 1.5628347e+00 1.5597346e+00 1.5576644e+00
1.5252940e+00 1.5396263e+00 1.5510802e+00 1.5606181e+00 1.5607902e+00 1.5575781e+00 1.5553916e+00
1.5214563e+00 1.5362822e+00 1.5482648e+00 1.5583542e+00 1.5585968e+00 1.5552236e+00 1.5528679e+00
1.5174986e+00 1.5328122e+00 1.5453152e+00 1.5559444e+00 1.5564134e+00 1.5531236e+00 1.5508627e+00
1.5132615e+00 1.5290932e+00 1.5421475e+00 1.5533381e+00 1.5541178e+00 1.5510330e+00 1.5489994e+00
1.5087744e+00 1.5251610e+00 1.5388039e+00 1.5505892e+00 1.5517136e+00 1.5488711e+00 1.5471061e+00
1.5041637e+00 1.5211176e+00 1.5353598e+00 1.5477614e+00 1.5492726e+00 1.5467251e+00 1.5452870e+00
1.4993136e+00 1.5168530e+00 1.5317117e+00 1.5447617e+00 1.5466903e+00 1.5444665e+00 1.5433873e+00
1.4942976e+00 1.5124349e+00 1.5279209e+00 1.5416221e+00 1.5439307e+00 1.5419747e+00 1.5411943e+00
1.4891551e+00 1.5079048e+00 1.5240305e+00 1.5383646e+00 1.5411370e+00 1.5395953e+00 1.5392740e+00
1.4839829e+00 1.5033512e+00 1.5201187e+00 1.5350898e+00 1.5383142e+00 1.5371672e+00 1.5372837e+00
1.4785945e+00 1.4986004e+00 1.5160279e+00 1.5316664e+00 1.5352899e+00 1.5344392e+00 1.5348867e+00
1.4731470e+00 1.4937936e+00 1.5118809e+00 1.5281739e+00 1.5323330e+00 1.5319997e+00 1.5330192e+00
1.4678899e+00 1.4891514e+00 1.5078658e+00 1.5247516e+00 1.5294542e+00 1.5296882e+00 1.5313336e+00
1.4626805e+00 1.4845389e+00 1.5038583e+00 1.5212964e+00 1.5265481e+00 1.5273827e+00 1.5296898e+00
1.4575848e+00 1.4800098e+00 1.4999003e+00 1.5178515e+00 1.5236167e+00 1.5250174e+00 1.5279471e+00
1.4527912e+00 1.4757450e+00 1.4961630e+00 1.5145553e+00 1.5206722e+00 1.5224318e+00 1.5257578e+00
1.4484092e+00 1.4718413e+00 1.4927283e+00 1.5114763e+00 1.5177784e+00 1.5196894e+00 1.5231865e+00
1.4443861e+00 1.4682230e+00 1.4895034e+00 1.5085056e+00 1.5151587e+00 1.5175298e+00 1.5215312e+00
1.4409511e+00 1.4651069e+00 1.4866889e+00 1.5058194e+00 1.5127656e+00 1.5155745e+00 1.5200547e+00
1.4383121e+00 1.4626748e+00 1.4844376e+00 1.5034877e+00 1.5106595e+00 1.5139197e+00 1.5188918e+00
1.4367685e+00 1.4611277e+00 1.4828587e+00 1.5014538e+00 1.5087809e+00 1.5125950e+00 1.5181677e+00
1.4358392e+00 1.4601194e+00 1.4817390e+00 1.4997675e+00 1.5072318e+00 1.5116276e+00 1.5178282e+00
1.4346748e+00 1.4589652e+00 1.4805656e+00 1.4982998e+00 1.5059263e+00 1.5107729e+00 1.5174593e+00
1.4325268e+00 1.4570520e+00 1.4788631e+00 1.4968950e+00 1.5048235e+00 1.5099781e+00 1.5169972e+00
1.4312676e+00 1.4559167e+00 1.4778212e+00 1.4959518e+00 1.5039937e+00 1.5092827e+00 1.5164505e+00
1.4305239e+00 1.4552335e+00 1.4771681e+00 1.4953532e+00 1.5035278e+00 1.5089969e+00 1.5163626e+00
1.4297569e+00 1.4545837e+00 1.4766059e+00 1.4950482e+00 1.5033469e+00 1.5088614e+00 1.5162841e+00
1.4291639e+00 1.4541417e+00 1.4762821e+00 1.4950900e+00 1.5036040e+00 1.5092351e+00 1.5167905e+00
1.4286239e+00 1.4537922e+00 1.4760919e+00 1.4954638e+00 1.5043428e+00 1.5101918e+00 1.5179864e+00
1.4294836e+00 1.4546278e+00 1.4768666e+00 1.4963923e+00 1.5055171e+00 1.5116342e+00 1.5197204e+00
1.4312073e+00 1.4562116e+00 1.4782719e+00 1.4977667e+00 1.5069482e+00 1.5131517e+00 1.5213414e+00
1.4338240e+00 1.4585680e+00 1.4803294e+00 1.4996298e+00 1.5087408e+00 1.5149274e+00 1.5231153e+00
1.4368899e+00 1.4613454e+00 1.4827765e+00 1.5018200e+00 1.5108149e+00 1.5169527e+00 1.5251080e+00
1.4408239e+00 1.4648780e+00 1.4858673e+00 1.5045162e+00 1.5132937e+00 1.5193025e+00 1.5273449e+00
1.4451183e+00 1.4687579e+00 1.4892893e+00 1.5075120e+00 1.5160631e+00 1.5219480e+00 1.5298852e+00
1.4501407e+00 1.4732826e+00 1.4932738e+00 1.5109719e+00 1.5192514e+00 1.5249950e+00 1.5328117e+00
1.4556952e+00 1.4782968e+00 1.4977035e+00 1.5148174e+00 1.5228233e+00 1.5284526e+00 1.5361790e+00
1.4616319e+00 1.4836664e+00 1.5024605e+00 1.5189575e+00 1.5266234e+00 1.5320588e+00 1.5396164e+00
1.4682759e+00 1.4896685e+00 1.5077744e+00 1.5235758e+00 1.5308125e+00 1.5359617e+00 1.5432596e+00
1.4749877e+00 1.4957469e+00 1.5131714e+00 1.5282815e+00 1.5352180e+00 1.5402677e+00 1.5474979e+00
1.4825817e+00 1.5026179e+00 1.5192704e+00 1.5335926e+00 1.5403974e+00 1.5456353e+00 1.5530918e+00
1.4902453e+00 1.5095763e+00 1.5254721e+00 1.5390155e+00 1.5456035e+00 1.5509049e+00 1.5584632e+00
1.4986323e+00 1.5171872e+00 1.5322545e+00 1.5449336e+00 1.5512574e+00 1.5565947e+00 1.5642296e+00
1.5070300e+00 1.5248310e+00 1.5390890e+00 1.5509281e+00 1.5568956e+00 1.5621266e+00 1.5696971e+00
1.5160862e+00 1.5330736e+00 1.5464606e+00 1.5573928e+00 1.5627978e+00 1.5676589e+00 1.5749040e+00
1.5250800e+00 1.5412807e+00 1.5538207e+00 1.5638788e+00 1.5687188e+00 1.5731939e+00 1.5801019e+00
1.5346642e+00 1.5500276e+00 1.5616671e+00 1.5707978e+00 1.5749463e+00 1.5788812e+00 1.5853028e+00
1.5446592e+00 1.5591538e+00 1.5698578e+00 1.5780046e+00 1.5814097e+00 1.5847622e+00 1.5906605e+00
1.5545691e+00 1.5682279e+00 1.5780252e+00 1.5852323e+00 1.5880238e+00 1.5909609e+00 1.5965078e+00
1.5648764e+00 1.5776697e+00 1.5865262e+00 1.5927609e+00 1.5949906e+00 1.5976042e+00 1.6028965e+00
1.5751261e+00 1.5870812e+00 1.5950190e+00 1.6003216e+00 1.6022755e+00 1.6049570e+00 1.6103916e+00
1.5858039e+00 1.5968875e+00 1.6038673e+00 1.6082140e+00 1.6099827e+00 1.6128735e+00 1.6185974e+00
1.5963454e+00 1.6065937e+00 1.6126450e+00 1.6160545e+00 1.6173555e+00 1.6200522e+00 1.6256703e+00
1.6072416e+00 1.6166335e+00 1.6217273e+00 1.6241467e+00 1.6248428e+00 1.6271839e+00 1.6325442e+00
1.6179939e+00 1.6265600e+00 1.6307176e+00 1.6321931e+00 1.6323649e+00 1.6344487e+00 1.6396590e+00
1.6289749e+00 1.6367013e+00 1.6398975e+00 1.6404277e+00 1.6399638e+00 1.6416375e+00 1.6465585e+00
1.6399215e+00 1.6468293e+00 1.6490717e+00 1.6486773e+00 1.6475199e+00 1.6487022e+00 1.6532678e+00
1.6508884e+00 1.6569957e+00 1.6582859e+00 1.6569753e+00 1.6551022e+00 1.6557704e+00 1.6599762e+00
1.6619171e+00 1.6672347e+00 1.6675624e+00 1.6653379e+00 1.6627604e+00 1.6629449e+00 1.6668437e+00
1.6727524e+00 1.6773189e+00 1.6766946e+00 1.6735874e+00 1.6703375e+00 1.6700893e+00 1.6737605e+00
1.6837390e+00 1.6875560e+00 1.6859433e+00 1.6819375e+00 1.6780106e+00 1.6773569e+00 1.6808678e+00
1.6943503e+00 1.6974797e+00 1.6948843e+00 1.6900238e+00 1.6856040e+00 1.6848251e+00 1.6885114e+00
1.7051657e+00 1.7076125e+00 1.7039488e+00 1.6981940e+00 1.6933533e+00 1.6926323e+00 1.6967697e+00
1.7155963e+00 1.7174251e+00 1.7125855e+00 1.7059310e+00 1.7005455e+00 1.6998292e+00 1.7045445e+00
1.7260654e+00 1.7273227e+00 1.7208820e+00 1.7131542e+00 1.7071590e+00 1.7067614e+00 1.7128556e+00
1.7364772e+00 1.7372171e+00 1.7287329e+00 1.7197425e+00 1.7132320e+00 1.7137203e+00 1.7222703e+00
1.7463807e+00 1.7464055e+00 1.7392674e+00 1.7305897e+00 1.7236617e+00 1.7219645e+00 1.7262122e+00
1.7564832e+00 1.7558788e+00 1.7488346e+00 1.7398880e+00 1.7323100e+00 1.7292951e+00 1.7314931e+00
1.7660879e+00 1.7649373e+00 1.7577929e+00 1.7485479e+00 1.7403116e+00 1.7361705e+00 1.7367955e+00
1.7757671e+00 1.7740897e+00 1.7667423e+00 1.7571772e+00 1.7482028e+00 1.7429149e+00 1.7420763e+00
1.7850765e+00 1.7829249e+00 1.7753554e+00 1.7654936e+00 1.7558855e+00 1.7496351e+00 1.7475835e+00
1.7940710e+00 1.7914918e+00 1.7837004e+00 1.7735693e+00 1.7634086e+00 1.7563291e+00 1.7532400e+00
1.8030938e+00 1.8001059e+00 1.7920805e+00 1.7816872e+00 1.7709964e+00 1.7631360e+00 1.7590875e+00
1.8116075e+00 1.8082628e+00 1.8000294e+00 1.7894250e+00 1.7782597e+00 1.7696897e+00 1.7647761e+00
1.8200921e+00 1.8164056e+00 1.8079618e+00 1.7971612e+00 1.7855139e+00 1.7762270e+00 1.7704589e+00
1.8282947e+00 1.8243052e+00 1.8156741e+00 1.8047195e+00 1.7926949e+00 1.7828278e+00 1.7763512e+00
1.8360696e+00 1.8318300e+00 1.8230514e+00 1.8120032e+00 1.7996267e+00 1.7891948e+00 1.7820377e+00
1.8438260e+00 1.8393618e+00 1.8304521e+00 1.8193470e+00 1.8065826e+00 1.7955210e+00 1.7876290e+00
1.8510857e+00 1.8464475e+00 1.8374468e+00 1.8263429e+00 1.8133421e+00 1.8018435e+00 1.7934120e+00
1.8580404e+00 1.8532692e+00 1.8442106e+00 1.8331620e+00 1.8199018e+00 1.8079113e+00 1.7988947e+00
1.8648709e+00 1.8599998e+00 1.8509108e+00 1.8399722e+00 1.8264057e+00 1.8138308e+00 1.8041442e+00
1.8711688e+00 1.8662570e+00 1.8571889e+00 1.8464448e+00 1.8326515e+00 1.8195661e+00 1.8092880e+00
1.8768728e+00 1.8720236e+00 1.8630739e+00 1.8527013e+00 1.8387529e+00 1.8251679e+00 1.8143126e+00
1.8822014e+00 1.8774836e+00 1.8687168e+00 1.8588384e+00 1.8447763e+00 1.8306862e+00 1.8192516e+00
1.8877087e+00 1.8830373e+00 1.8743644e+00 1.8647711e+00 1.8505719e+00 1.8360621e+00 1.8241355e+00
1.8933517e+00 1.8886917e+00 1.8800753e+00 1.8706837e+00 1.8563098e+00 1.8413734e+00 1.8289504e+00
1.8989069e+00 1.8942520e+00 1.8856824e+00 1.8764528e+00 1.8619031e+00 1.8465634e+00 1.8336692e+00
1.9042311e+00 1.8995900e+00 1.8910719e+00 1.8819859e+00 1.8672953e+00 1.8516172e+00 1.8383186e+00
1.9095108e+00 1.9048857e+00 1.8964195e+00 1.8874622e+00 1.8727486e+00 1.8569118e+00 1.8433870e+00
1.9146376e+00 1.9100331e+00 1.9016204e+00 1.8927739e+00 1.8782269e+00 1.8625197e+00 1.8490565e+00
1.9195574e+00 1.9149774e+00 1.9066190e+00 1.8978618e+00 1.8835858e+00 1.8681767e+00 1.8549469e+00
1.9244138e+00 1.9198575e+00 1.9115509e+00 1.9028632e+00 1.8886668e+00 1.8732934e+00 1.8600395e+00
1.9291591e+00 1.9246260e+00 1.9163682e+00 1.9077217e+00 1.8935590e+00 1.8781745e+00 1.8648530e+00
1.9337691e+00 1.9292531e+00 1.9210356e+00 1.9123839e+00 1.8982437e+00 1.8828631e+00 1.8694916e+00
1.9385008e+00 1.9339631e+00 1.9257461e+00 1.9169707e+00 1.9028024e+00 1.8874236e+00 1.8740021e+00
1.9431828e+00 1.9386168e+00 1.9303918e+00 1.9214523e+00 1.9072477e+00 1.8918851e+00 1.8784299e+00
1.9472602e+00 1.9427495e+00 1.9345969e+00 1.9256733e+00 1.9115460e+00 1.8962653e+00 1.8828446e+00
1.9508576e+00 1.9464726e+00 1.9384605e+00 1.9297038e+00 1.9158110e+00 1.9007577e+00 1.8875193e+00
1.9540149e+00 1.9498253e+00 1.9420219e+00 1.9335845e+00 1.9199173e+00 1.9049918e+00 1.8918374e+00
1.9572624e+00 1.9532225e+00 1.9455808e+00 1.9373363e+00 1.9237905e+00 1.9089163e+00 1.8957714e+00
1.9606843e+00 1.9567360e+00 1.9491963e+00 1.9409882e+00 1.9274751e+00 1.9126156e+00 1.8994455e+00
1.9644138e+00 1.9604805e+00 1.9529651e+00 1.9445996e+00 1.9310049e+00 1.9161075e+00 1.9028603e+00
1.9679167e+00 1.9640217e+00 1.9565521e+00 1.9480644e+00 1.9343362e+00 1.9193065e+00 1.9058883e+00
1.9708559e+00 1.9670850e+00 1.9597455e+00 1.9513163e+00 1.9376047e+00 1.9225609e+00 1.9090923e+00
1.9734211e+00 1.9698280e+00 1.9626711e+00 1.9544083e+00 1.9408375e+00 1.9259019e+00 1.9125075e+00
1.9757029e+00 1.9723253e+00 1.9653873e+00 1.9573601e+00 1.9439386e+00 1.9290851e+00 1.9157398e+00
1.9778470e+00 1.9746912e+00 1.9679773e+00 1.9601871e+00 1.9468544e+00 1.9319942e+00 1.9186096e+00
1.9798409e+00 1.9769168e+00 1.9704359e+00 1.9628928e+00 1.9496021e+00 1.9346612e+00 1.9211632e+00
1.9816591e+00 1.9789826e+00 1.9727498e+00 1.9654774e+00 1.9523179e+00 1.9374162e+00 1.9239272e+00
1.9833281e+00 1.9809103e+00 1.9749355e+00 1.9679471e+00 1.9549871e+00 1.9402198e+00 1.9268378e+00
1.9848811e+00 1.9827262e+00 1.9770129e+00 1.9703071e+00 1.9575406e+00 1.9429010e+00 1.9296203e+00
1.9862933e+00 1.9844090e+00 1.9789638e+00 1.9725472e+00 1.9600263e+00 1.9455900e+00 1.9324889e+00
1.9875534e+00 1.9859480e+00 1.9807783e+00 1.9746595e+00 1.9623179e+00 1.9479822e+00 1.9349577e+00
1.9886942e+00 1.9873760e+00 1.9824896e+00 1.9766780e+00 1.9644044e+00 1.9499987e+00 1.9368775e+00
1.9897309e+00 1.9887086e+00 1.9841136e+00 1.9786195e+00 1.9664126e+00 1.9519292e+00 1.9387039e+00
1.9906274e+00 1.9899095e+00 1.9856137e+00 1.9804487e+00 1.9683428e+00 1.9538268e+00 1.9405442e+00
1.9913783e+00 1.9909733e+00 1.9869841e+00 1.9821599e+00 1.9701646e+00 1.9556241e+00 1.9422935e+00
1.9920371e+00 1.9919553e+00 1.9882831e+00 1.9838081e+00 1.9719029e+00 1.9573034e+00 1.9438899e+00
1.9925947e+00 1.9928475e+00 1.9895034e+00 1.9853864e+00 1.9735515e+00 1.9588589e+00 1.9453281e+00
1.9929996e+00 1.9936005e+00 1.9905974e+00 1.9868508e+00 1.9751170e+00 1.9603722e+00 1.9467669e+00
1.9932385e+00 1.9942010e+00 1.9915521e+00 1.9881889e+00 1.9765699e+00 1.9617872e+00 1.9481234e+00
1.9934409e+00 1.9947668e+00 1.9924737e+00 1.9894978e+00 1.9779734e+00 1.9631192e+00 1.9493624e+00
1.9936545e+00 1.9953394e+00 1.9933968e+00 1.9908055e+00 1.9793477e+00 1.9643805e+00 1.9504886e+00
1.9937120e+00 1.9957662e+00 1.9941845e+00 1.9919926e+00 1.9805876e+00 1.9654774e+00 1.9514198e+00
1.9936492e+00 1.9960776e+00 1.9948606e+00 1.9930766e+00 1.9817026e+00 1.9664113e+00 1.9521496e+00
1.9935040e+00 1.9963126e+00 1.9954664e+00 1.9940993e+00 1.9827078e+00 1.9671558e+00 1.9526088e+00
1.9933134e+00 1.9965113e+00 1.9960453e+00 1.9951063e+00 1.9836018e+00 1.9676378e+00 1.9526495e+00
1.9930126e+00 1.9966084e+00 1.9965306e+00 1.9960361e+00 1.9841486e+00 1.9673530e+00 1.9514929e+00
1.9925518e+00 1.9965550e+00 1.9968743e+00 1.9968486e+00 1.9847641e+00 1.9674001e+00 1.9509383e+00
1.9919655e+00 1.9963844e+00 1.9971084e+00 1.9975658e+00 1.9854752e+00 1.9678226e+00 1.9510476e+00
1.9914433e+00 1.9962810e+00 1.9974134e+00 1.9983246e+00 1.9862753e+00 1.9684277e+00 1.9514356e+00
1.9908762e+00 1.9961390e+00 1.9976860e+00 1.9990410e+00 1.9870808e+00 1.9691198e+00 1.9519969e+00
1.9902001e+00 1.9958968e+00 1.9978662e+00 1.9996586e+00 1.9878356e+00 1.9698432e+00 1.9526775e+00
1.9893325e+00 1.9954755e+00 1.9978780e+00 2.0001010e+00 1.9884719e+00 1.9705459e+00 1.9534450e+00
1.9885067e+00 1.9950986e+00 1.9979360e+00 2.0005936e+00 1.9891546e+00 1.9712874e+00 1.9542455e+00
1.9877152e+00 1.9947584e+00 1.9980320e+00 2.0011294e+00 1.9898688e+00 1.9720399e+00 1.9550384e+00
1.9868782e+00 1.9943785e+00 1.9980914e+00 2.0016320e+00 1.9905206e+00 1.9726865e+00 1.9556857e+00
1.9859303e+00 1.9938974e+00 1.9980538e+00 2.0020406e+00 1.9911362e+00 1.9733922e+00 1.9565043e+00
1.9847617e+00 1.9932121e+00 1.9978219e+00 2.0022609e+00 1.9916419e+00 1.9741177e+00 1.9574952e+00
1.9837598e+00 1.9926856e+00 1.9977393e+00 2.0026265e+00 1.9922728e+00 1.9749389e+00 1.9585528e+00
1.9828038e+00 1.9922048e+00 1.9977022e+00 2.0030388e+00 1.9929508e+00 1.9758065e+00 1.9596573e+00
1.9818263e+00 1.9917053e+00 1.9976503e+00 2.0034412e+00 1.9936308e+00 1.9766916e+00 1.9607957e+00
1.9807647e+00 1.9911266e+00 1.9975263e+00 2.0037804e+00 1.9942713e+00 1.9775686e+00 1.9619592e+00
1.9794928e+00 1.9903484e+00 1.9972157e+00 2.0039505e+00 1.9947927e+00 1.9783945e+00 1.9631447e+00
1.9784166e+00 1.9897609e+00 1.9970954e+00 2.0043005e+00 1.9954470e+00 1.9792815e+00 1.9643063e+00
1.9774026e+00 1.9892369e+00 1.9970441e+00 2.0047183e+00 1.9961519e+00 1.9801889e+00 1.9654485e+00
1.9763878e+00 1.9887150e+00 1.9970031e+00 2.0051491e+00 1.9968693e+00 1.9811026e+00 1.9665829e+00
1.9753159e+00 1.9881419e+00 1.9969222e+00 2.0055455e+00 1.9975601e+00 1.9819954e+00 1.9676952e+00
1.9740102e+00 1.9873501e+00 1.9966428e+00 2.0057543e+00 1.9981064e+00 1.9828052e+00 1.9687853e+00
1.9728960e+00 1.9867442e+00 1.9965504e+00 2.0061506e+00 1.9987876e+00 1.9836562e+00 1.9698011e+00
1.9719003e+00 1.9862552e+00 1.9965802e+00 2.0066730e+00 1.9995526e+00 1.9845116e+00 1.9707219e+00
1.9709541e+00 1.9858176e+00 1.9966708e+00 2.0072628e+00 2.0003449e+00 1.9853177e+00 1.9714969e+00
1.9700088e+00 1.9853864e+00 1.9967802e+00 2.0078812e+00 2.0010857e+00 1.9859304e+00 1.9719133e+00
1.9689797e+00 1.9848823e+00 1.9968344e+00 2.0084606e+00 2.0018680e+00 1.9866936e+00 1.9725818e+00
1.9678591e+00 1.9842979e+00 1.9968271e+00 2.0089959e+00 2.0026591e+00 1.9875310e+00 1.9733785e+00
1.9670059e+00 1.9839754e+00 1.9970846e+00 2.0097817e+00 2.0036554e+00 1.9884960e+00 1.9741957e+00
1.9662999e+00 1.9838034e+00 1.9975031e+00 2.0107250e+00 2.0047814e+00 1.9895358e+00 1.9750052e+00
1.9657091e+00 1.9837560e+00 1.9980628e+00 2.0118097e+00 2.0060201e+00 1.9906285e+00 1.9757786e+00
1.9652470e+00 1.9838566e+00 1.9987943e+00 2.0130670e+00 2.0073872e+00 1.9917623e+00 1.9764708e+00
1.9650778e+00 1.9843119e+00 1.9999339e+00 2.0147258e+00 2.0090243e+00 1.9929334e+00 1.9769034e+00
1.9646239e+00 1.9844436e+00 2.0007371e+00 2.0160715e+00 2.0104692e+00 1.9940929e+00 1.9775204e+00
1.9640601e+00 1.9844293e+00 2.0013811e+00 2.0172706e+00 2.0118364e+00 1.9952733e+00 1.9782570e+00
1.9634633e+00 1.9843610e+00 2.0019674e+00 2.0184201e+00 2.0131863e+00 1.9964746e+00 1.9790400e+00
1.9628263e+00 1.9842387e+00 2.0024987e+00 2.0195204e+00 2.0145088e+00 1.9976722e+00 1.9798312e+00
1.9620931e+00 1.9840139e+00 2.0029390e+00 2.0205476e+00 2.0157953e+00 1.9988708e+00 1.9806397e+00
1.9611988e+00 1.9836263e+00 2.0032278e+00 2.0214398e+00 2.0169881e+00 2.0000235e+00 1.9814354e+00
1.9601946e+00 1.9831262e+00 2.0034147e+00 2.0222449e+00 2.0181172e+00 2.0011316e+00 1.9821871e+00
1.9593237e+00 1.9827443e+00 2.0037193e+00 2.0231677e+00 2.0193540e+00 2.0023159e+00 1.9829542e+00
1.9585256e+00 1.9824231e+00 2.0040862e+00 2.0241554e+00 2.0206490e+00 2.0035318e+00 1.9836987e+00
1.9577543e+00 1.9821211e+00 2.0044781e+00 2.0251752e+00 2.0219729e+00 2.0047541e+00 1.9844008e+00
1.9569709e+00 1.9818012e+00 2.0048586e+00 2.0261913e+00 2.0232919e+00 2.0059526e+00 1.9850351e+00
1.9561321e+00 1.9814222e+00 2.0051876e+00 2.0271660e+00 2.0245624e+00 2.0070740e+00 1.9855403e+00
1.9551168e+00 1.9808700e+00 2.0053565e+00 2.0279970e+00 2.0256664e+00 2.0079746e+00 1.9857511e+00
1.9542346e+00 1.9804392e+00 2.0056473e+00 2.0289498e+00 2.0269498e+00 2.0091314e+00 1.9862684e+00
1.9533942e+00 1.9800445e+00 2.0059796e+00 2.0299498e+00 2.0283131e+00 2.0104049e+00 1.9869156e+00
1.9526361e+00 1.9797239e+00 2.0063877e+00 2.0310276e+00 2.0297644e+00 2.0117693e+00 1.9876319e+00
1.9519037e+00 1.9794241e+00 2.0068205e+00 2.0321349e+00 2.0312610e+00 2.0131914e+00 1.9883981e+00
1.9511664e+00 1.9791167e+00 2.0072494e+00 2.0332443e+00 2.0327766e+00 2.0146483e+00 1.9891991e+00
1.9503751e+00 1.9787548e+00 2.0076269e+00 2.0343094e+00 2.0342694e+00 2.0161083e+00 1.9900198e+00
1.9494227e+00 1.9782402e+00 2.0078598e+00 2.0352459e+00 2.0356934e+00 2.0175878e+00 1.9909515e+00
1.9486105e+00 1.9778524e+00 2.0082050e+00 2.0362790e+00 2.0372040e+00 2.0191474e+00 1.9919537e+00
1.9478368e+00 1.9774982e+00 2.0085752e+00 2.0373307e+00 2.0387425e+00 2.0207571e+00 1.9930348e+00
1.9471687e+00 1.9772386e+00 2.0090238e+00 2.0384445e+00 2.0403402e+00 2.0224362e+00 1.9942033e+00
1.9465580e+00 1.9770301e+00 2.0095096e+00 2.0395839e+00 2.0419817e+00 2.0242030e+00 1.9955187e+00
1.9459610e+00 1.9768302e+00 2.0099894e+00 2.0407066e+00 2.0436184e+00 2.0260018e+00 1.9969230e+00
1.9453626e+00 1.9766252e+00 2.0104494e+00 2.0417992e+00 2.0452014e+00 2.0277279e+00 1.9982579e+00
1.9446854e+00 1.9763390e+00 2.0108123e+00 2.0427862e+00 2.0466907e+00 2.0294003e+00 1.9996106e+00
1.9439992e+00 1.9760416e+00 2.0111480e+00 2.0437350e+00 2.0481384e+00 2.0310486e+00 2.0009868e+00
1.9433845e+00 1.9758124e+00 2.0115356e+00 2.0447213e+00 2.0495991e+00 2.0326950e+00 2.0023747e+00
1.9428220e+00 1.9756332e+00 2.0119565e+00 2.0457267e+00 2.0510568e+00 2.0343292e+00 2.0037730e+00
1.9423335e+00 1.9755259e+00 2.0124322e+00 2.0467719e+00 2.0525448e+00 2.0360060e+00 2.0052609e+00
1.9418675e+00 1.9754408e+00 2.0129131e+00 2.0478086e+00 2.0540187e+00 2.0376882e+00 2.0068131e+00
1.9414056e+00 1.9753608e+00 2.0133830e+00 2.0488220e+00 2.0554645e+00 2.0393640e+00 2.0084221e+00
1.9409147e+00 1.9752558e+00 2.0138140e+00 2.0497866e+00 2.0568588e+00 2.0410134e+00 2.0100744e+00
1.9403085e+00 1.9750492e+00 2.0141392e+00 2.0506448e+00 2.0581584e+00 2.0426130e+00 2.0117708e+00
1.9396515e+00 1.9747981e+00 2.0144081e+00 2.0514388e+00 2.0594126e+00 2.0442275e+00 2.0135915e+00
1.9391227e+00 1.9746566e+00 2.0147488e+00 2.0522732e+00 2.0606883e+00 2.0458711e+00 2.0154914e+00
1.9386261e+00 1.9745418e+00 2.0150928e+00 2.0530928e+00 2.0619445e+00 2.0475203e+00 2.0174665e+00
1.9382832e+00 1.9745573e+00 2.0155251e+00 2.0539657e+00 2.0632288e+00 2.0491956e+00 2.0195041e+00
1.9380464e+00 1.9746621e+00 2.0160138e+00 2.0548684e+00 2.0645250e+00 2.0508872e+00 2.0215992e+00
1.9378378e+00 1.9747850e+00 2.0164954e+00 2.0557443e+00 2.0657915e+00 2.0525725e+00 2.0237472e+00
1.9376935e+00 1.9749572e+00 2.0170006e+00 2.0566236e+00 2.0670514e+00 2.0542587e+00 2.0259297e+00
1.9375418e+00 1.9751100e+00 2.0174677e+00 2.0574505e+00 2.0682619e+00 2.0559161e+00 2.0281215e+00
1.9373856e+00 1.9752311e+00 2.0178792e+00 2.0582034e+00 2.0693938e+00 2.0574910e+00 2.0302173e+00
1.9372612e+00 1.9753836e+00 2.0183419e+00 2.0590218e+00 2.0706224e+00 2.0591820e+00 2.0324070e+00
1.9371593e+00 1.9755542e+00 2.0188272e+00 2.0598649e+00 2.0718937e+00 2.0609331e+00 2.0346550e+00
1.9371015e+00 1.9757597e+00 2.0193424e+00 2.0607345e+00 2.0732169e+00 2.0627763e+00 2.0370339e+00
1.9370860e+00 1.9760175e+00 2.0199242e+00 2.0616808e+00 2.0746475e+00 2.0647684e+00 2.0396019e+00
1.9371322e+00 1.9763354e+00 2.0205672e+00 2.0626883e+00 2.0761200e+00 2.0667702e+00 2.0421417e+00
1.9371632e+00 1.9766380e+00 2.0211953e+00 2.0636810e+00 2.0775667e+00 2.0687287e+00 2.0446204e+00
1.9372248e+00 1.9769673e+00 2.0218465e+00 2.0646937e+00 2.0790275e+00 2.0706944e+00 2.0471006e+00
1.9372609e+00 1.9772685e+00 2.0224661e+00 2.0656720e+00 2.0804709e+00 2.0726743e+00 2.0496347e+00
1.9372509e+00 1.9775196e+00 2.0230299e+00 2.0665904e+00 2.0818761e+00 2.0746573e+00 2.0522237e+00
1.9371842e+00 1.9777067e+00 2.0235208e+00 2.0674288e+00 2.0831901e+00 2.0765382e+00 2.0547060e+00
1.9371770e+00 1.9779540e+00 2.0240716e+00 2.0683271e+00 2.0845366e+00 2.0784088e+00 2.0571343e+00
1.9371610e+00 1.9781862e+00 2.0245995e+00 2.0691960e+00 2.0858438e+00 2.0802309e+00 2.0595107e+00
1.9372010e+00 1.9784734e+00 2.0251804e+00 2.0701166e+00 2.0871766e+00 2.0820390e+00 2.0618340e+00
1.9373141e+00 1.9788327e+00 2.0258311e+00 2.0711053e+00 2.0885713e+00 2.0839021e+00 2.0642096e+00
1.9375104e+00 1.9792703e+00 2.0265542e+00 2.0721614e+00 2.0900167e+00 2.0857939e+00 2.0665944e+00
1.9376919e+00 1.9796914e+00 2.0272567e+00 2.0731944e+00 2.0914421e+00 2.0876760e+00 2.0689885e+00
1.9378974e+00 1.9801319e+00 2.0279723e+00 2.0742357e+00 2.0928697e+00 2.0895563e+00 2.0713834e+00
1.9381263e+00 1.9805900e+00 2.0286979e+00 2.0752812e+00 2.0942946e+00 2.0914294e+00 2.0737727e+00
1.9383010e+00 1.9809898e+00 2.0293582e+00 2.0762569e+00 2.0956579e+00 2.0932608e+00 2.0761511e+00
1.9384224e+00 1.9813245e+00 2.0299392e+00 2.0771430e+00 2.0969308e+00 2.0950108e+00 2.0784669e+00
1.9385602e+00 1.9816746e+00 2.0305330e+00 2.0780400e+00 2.0982228e+00 2.0967966e+00 2.0808434e+00
1.9387203e+00 1.9820457e+00 2.0311454e+00 2.0789538e+00 2.0995341e+00 2.0986101e+00 2.0832620e+00
1.9388550e+00 1.9823806e+00 2.0317094e+00 2.0798101e+00 2.1008016e+00 2.1004101e+00 2.0857074e+00
1.9390620e+00 1.9827923e+00 2.0323549e+00 2.0807512e+00 2.1021350e+00 2.1022446e+00 2.0881544e+00
1.9393368e+00 1.9832724e+00 2.0330704e+00 2.0817628e+00 2.1035210e+00 2.1041028e+00 2.0905940e+00
1.9397043e+00 1.9838415e+00 2.0338734e+00 2.0828598e+00 2.1049673e+00 2.1059813e+00 2.0930083e+00
1.9400490e+00 1.9843866e+00 2.0346531e+00 2.0839343e+00 2.1063791e+00 2.1078040e+00 2.0953407e+00
1.9404034e+00 1.9849375e+00 2.0354411e+00 2.0850187e+00 2.1078153e+00 2.1096679e+00 2.0977208e+00
1.9408105e+00 1.9855350e+00 2.0362750e+00 2.0861472e+00 2.1092999e+00 2.1115837e+00 2.1001481e+00
1.9411581e+00 1.9860692e+00 2.0370432e+00 2.0872084e+00 2.1107407e+00 2.1134938e+00 2.1026113e+00
1.9414666e+00 1.9865575e+00 2.0377596e+00 2.0882129e+00 2.1121421e+00 2.1153961e+00 2.1051030e+00
1.9417170e+00 1.9869743e+00 2.0383912e+00 2.0891200e+00 2.1134697e+00 2.1172718e+00 2.1076245e+00
1.9419963e+00 1.9874222e+00 2.0390568e+00 2.0900650e+00 2.1148306e+00 2.1191720e+00 2.1101626e+00
1.9422803e+00 1.9878716e+00 2.0397203e+00 2.0910058e+00 2.1161917e+00 2.1210825e+00 2.1127265e+00
1.9425099e+00 1.9882530e+00 2.0403015e+00 2.0918511e+00 2.1174714e+00 2.1229456e+00 2.1152873e+00
1.9428182e+00 1.9887181e+00 2.0409713e+00 2.0927914e+00 2.1188211e+00 2.1248360e+00 2.1178316e+00
1.9432054e+00 1.9892647e+00 2.0417251e+00 2.0938197e+00 2.1202333e+00 2.1267476e+00 2.1203554e+00
1.9436839e+00 1.9899006e+00 2.0425663e+00 2.0949343e+00 2.1217022e+00 2.1286712e+00 2.1228465e+00
1.9442070e+00 1.9905782e+00 2.0434453e+00 2.0960847e+00 2.1231814e+00 2.1305685e+00 2.1252775e+00
1.9446983e+00 1.9912213e+00 2.0442851e+00 2.0971941e+00 2.1245862e+00 2.1323429e+00 2.1275403e+00
1.9452110e+00 1.9918812e+00 2.0451357e+00 2.0983103e+00 2.1260342e+00 2.1342264e+00 2.1299942e+00
1.9457803e+00 1.9925909e+00 2.0460285e+00 2.0994629e+00 2.1275276e+00 2.1361768e+00 2.1325478e+00
1.9462511e+00 1.9931967e+00 2.0468089e+00 2.1004975e+00 2.1289308e+00 2.1380902e+00 2.1351328e+00
1.9466989e+00 1.9937707e+00 2.0475467e+00 2.1014828e+00 2.1303101e+00 2.1400307e+00 2.1378158e+00
1.9470873e+00 1.9942677e+00 2.0481872e+00 2.1023547e+00 2.1315997e+00 2.1419351e+00 2.1405349e+00
1.9474751e+00 1.9947622e+00 2.0488221e+00 2.1032208e+00 2.1328762e+00 2.1438202e+00 2.1432383e+00
1.9478630e+00 1.9952547e+00 2.0494515e+00 2.1040810e+00 2.1341696e+00 2.1457647e+00 2.1460593e+00
1.9482190e+00 1.9957048e+00 2.0500268e+00 2.1048793e+00 2.1354259e+00 2.1477225e+00 2.1489623e+00
1.9484833e+00 1.9960410e+00 2.0504643e+00 2.1055210e+00 2.1365676e+00 2.1496505e+00 2.1519443e+00
1.9488696e+00 1.9965119e+00 2.0510507e+00 2.1063282e+00 2.1378473e+00 2.1516674e+00 2.1549684e+00
1.9493201e+00 1.9970471e+00 2.0517031e+00 2.1072068e+00 2.1391902e+00 2.1537368e+00 2.1580425e+00
1.9498377e+00 1.9976440e+00 2.0524146e+00 2.1081466e+00 2.1405877e+00 2.1558546e+00 2.1611686e+00
1.9504102e+00 1.9982858e+00 2.0531656e+00 2.1091265e+00 2.1420241e+00 2.1580147e+00 2.1643520e+00
1.9508535e+00 1.9987823e+00 2.0537608e+00 2.1099516e+00 2.1433528e+00 2.1601506e+00 2.1676206e+00
1.9511454e+00 1.9990969e+00 2.0541577e+00 2.1105826e+00 2.1445483e+00 2.1622610e+00 2.1710059e+00
1.9504099e+00 1.9982454e+00 2.0533248e+00 2.1100391e+00 2.1449066e+00 2.1640949e+00 2.1748380e+00
1.9528208e+00 2.0008224e+00 2.0560267e+00 2.1128114e+00 2.1476615e+00 2.1668614e+00 2.1777425e+00
1.9527652e+00 2.0007316e+00 2.0560041e+00 2.1130487e+00 2.1486008e+00 2.1689241e+00 2.1813168e+00
1.9531903e+00 2.0011898e+00 2.0565702e+00 2.1138598e+00 2.1499652e+00 2.1711494e+00 2.1846997e+00
1.9537626e+00 2.0018197e+00 2.0573253e+00 2.1148599e+00 2.1514744e+00 2.1734341e+00 2.1880197e+00
1.9544247e+00 2.0025544e+00 2.0581965e+00 2.1159770e+00 2.1530750e+00 2.1757586e+00 2.1913037e+00
1.9551562e+00 2.0033690e+00 2.0591558e+00 2.1171828e+00 2.1547456e+00 2.1781151e+00 2.1945627e+00
1.9559470e+00 2.0042509e+00 2.0601886e+00 2.1184623e+00 2.1564748e+00 2.1804992e+00 2.1978028e+00
1.9567912e+00 2.0051926e+00 2.0612863e+00 2.1198063e+00 2.1582553e+00 2.1829078e+00 2.2010275e+00
1.9576853e+00 2.0061892e+00 2.0624427e+00 2.1212084e+00 2.1600820e+00 2.1853390e+00 2.2042391e+00
1.9586266e+00 2.0072371e+00 2.0636536e+00 2.1226639e+00 2.1619511e+00 2.1877909e+00 2.2074391e+00
1.9596133e+00 2.0083339e+00 2.0649157e+00 2.1241692e+00 2.1638595e+00 2.1902621e+00 2.2106286e+00
1.9606440e+00 2.0094774e+00 2.0662264e+00 2.1257214e+00 2.1658049e+00 2.1927515e+00 2.2138085e+00
1.9617175e+00 2.0106660e+00 2.0675837e+00 2.1273181e+00 2.1677853e+00 2.1952581e+00 2.2169793e+00
1.9628330e+00 2.0118984e+00 2.0689858e+00 2.1289574e+00 2.1697989e+00 2.1977808e+00 2.2201414e+00
1.9639898e+00 2.0131734e+00 2.0704311e+00 2.1306375e+00 2.1718442e+00 2.2003190e+00 2.2232952e+00
1.9651873e+00 2.0144902e+00 2.0719184e+00 2.1323570e+00 2.1739200e+00 2.2028719e+00 2.2264409e+00
1.9664248e+00 2.0158478e+00 2.0734466e+00 2.1341145e+00 2.1760251e+00 2.2054388e+00 2.2295788e+00
1.9677020e+00 2.0172456e+00 2.0750147e+00 2.1359088e+00 2.1781584e+00 2.2080191e+00 2.2327089e+00
1.9690183e+00 2.0186828e+00 2.0766217e+00 2.1377390e+00 2.1803190e+00 2.2106123e+00 2.2358315e+00
1.9703735e+00 2.0201587e+00 2.0782668e+00 2.1396041e+00 2.1825061e+00 2.2132180e+00 2.2389467e+00
1.9717671e+00 2.0216729e+00 2.0799493e+00 2.1415031e+00 2.1847189e+00 2.2158355e+00 2.2420545e+00
1.9731987e+00 2.0232248e+00 2.0816684e+00 2.1434353e+00 2.1869566e+00 2.2184646e+00 2.2451551e+00
1.9746680e+00 2.0248138e+00 2.0834234e+00 2.1453998e+00 2.1892186e+00 2.2211049e+00 2.2482487e+00
1.9761746e+00 2.0264394e+00 2.0852137e+00 2.1473960e+00 2.1915042e+00 2.2237559e+00 2.2513353e+00
1.9777182e+00 2.0281012e+00 2.0870386e+00 2.1494232e+00 2.1938129e+00 2.2264174e+00 2.2544150e+00
1.9792985e+00 2.0297986e+00 2.0888976e+00 2.1514807e+00 2.1961441e+00 2.2290891e+00 2.2574881e+00
1.9809149e+00 2.0315311e+00 2.0907901e+00 2.1535679e+00 2.1984972e+00 2.2317707e+00 2.2605547e+00
1.9825672e+00 2.0332983e+00 2.0927155e+00 2.1556842e+00 2.2008719e+00 2.2344620e+00 2.2636150e+00
1.9842272e+00 2.0350696e+00 2.0946404e+00 2.1577936e+00 2.2032298e+00 2.2371231e+00 2.2666283e+00
1.9859536e+00 2.0369085e+00 2.0966341e+00 2.1599709e+00 2.2056507e+00 2.2398380e+00 2.2696813e+00
1.9877145e+00 2.0387805e+00 2.0986589e+00 2.1621754e+00 2.2080917e+00 2.2425618e+00 2.2727284e+00
1.9895096e+00 2.0406852e+00 2.1007143e+00 2.1644068e+00 2.2105524e+00 2.2452946e+00 2.2757701e+00
1.9913384e+00 2.0426220e+00 2.1027999e+00 2.1666646e+00 2.2130324e+00 2.2480361e+00 2.2788065e+00
1.9932005e+00 2.0445904e+00 2.1049151e+00 2.1689482e+00 2.2155314e+00 2.2507864e+00 2.2818381e+00
1.9950955e+00 2.0465901e+00 2.1070594e+00 2.1712572e+00 2.2180491e+00 2.2535453e+00 2.2848649e+00
1.9970227e+00 2.0486203e+00 2.1092323e+00 2.1735911e+00 2.2205852e+00 2.2563128e+00 2.2878876e+00
1.9989819e+00 2.0506807e+00 2.1114332e+00 2.1759495e+00 2.2231393e+00 2.2590888e+00 2.2909062e+00
2.0009723e+00 2.0527707e+00 2.1136617e+00 2.1783319e+00 2.2257112e+00 2.2618734e+00 2.2939213e+00
2.0029936e+00 2.0548897e+00 2.1159172e+00 2.1807379e+00 2.2283005e+00 2.2646665e+00 2.2969332e+00
2.0050452e+00 2.0570372e+00 2.1181991e+00 2.1831670e+00 2.2309071e+00 2.2674681e+00 2.2999423e+00
2.0071265e+00 2.0592127e+00 2.1205070e+00 2.1856188e+00 2.2335305e+00 2.2702782e+00 2.3029490e+00
2.0092370e+00 2.0614155e+00 2.1228404e+00 2.1880928e+00 2.2361707e+00 2.2730970e+00 2.3059537e+00
2.0113761e+00 2.0636451e+00 2.1251986e+00 2.1905886e+00 2.2388274e+00 2.2759243e+00 2.3089569e+00
2.0135431e+00 2.0659009e+00 2.1275812e+00 2.1931058e+00 2.2415002e+00 2.2787603e+00 2.3119590e+00
2.0157375e+00 2.0681824e+00 2.1299876e+00 2.1956439e+00 2.2441890e+00 2.2816050e+00 2.3149605e+00
2.0179587e+00 2.0704888e+00 2.1324173e+00 2.1982026e+00 2.2468936e+00 2.2844586e+00 2.3179618e+00
2.0202060e+00 2.0728197e+00 2.1348697e+00 2.2007814e+00 2.2496138e+00 2.2873210e+00 2.3209635e+00
2.0224787e+00 2.0751743e+00 2.1373443e+00 2.2033799e+00 2.2523493e+00 2.2901925e+00 2.3239660e+00
2.0247763e+00 2.0775521e+00 2.1398405e+00 2.2059977e+00 2.2551000e+00 2.2930731e+00 2.3269700e+00
2.0270981e+00 2.0799524e+00 2.1423578e+00 2.2086343e+00 2.2578656e+00 2.2959629e+00 2.3299758e+00
2.0294434e+00 2.0823746e+00 2.1448956e+00 2.2112894e+00 2.2606461e+00 2.2988621e+00 2.3329841e+00
2.0318115e+00 2.0848181e+00 2.1474534e+00 2.2139626e+00 2.2634412e+00 2.3017709e+00 2.3359954e+00
2.0342018e+00 2.0872822e+00 2.1500306e+00 2.2166535e+00 2.2662507e+00 2.3046893e+00 2.3390102e+00
2.0366135e+00 2.0897663e+00 2.1526268e+00 2.2193617e+00 2.2690746e+00 2.3076177e+00 2.3420293e+00
2.0390461e+00 2.0922698e+00 2.1552412e+00 2.2220867e+00 2.2719126e+00 2.3105560e+00 2.3450531e+00
2.0414987e+00 2.0947919e+00 2.1578735e+00 2.2248283e+00 2.2747647e+00 2.3135045e+00 2.3480823e+00
2.0439708e+00 2.0973322e+00 2.1605230e+00 2.2275861e+00 2.2776307e+00 2.3164635e+00 2.3511175e+00
2.0464616e+00 2.0998898e+00 2.1631893e+00 2.2303596e+00 2.2805104e+00 2.3194331e+00 2.3541593e+00
2.0489705e+00 2.1024642e+00 2.1658717e+00 2.2331485e+00 2.2834038e+00 2.3224136e+00 2.3572083e+00
2.0514967e+00 2.1050548e+00 2.1685697e+00 2.2359525e+00 2.2863108e+00 2.3254051e+00 2.3602653e+00
2.0540395e+00 2.1076609e+00 2.1712829e+00 2.2387711e+00 2.2892312e+00 2.3284079e+00 2.3633308e+00
2.0565984e+00 2.1102818e+00 2.1740106e+00 2.2416041e+00 2.2921649e+00 2.3314223e+00 2.3664056e+00
2.0591725e+00 2.1129169e+00 2.1767524e+00 2.2444511e+00 2.2951120e+00 2.3344485e+00 2.3694904e+00
2.0617613e+00 2.1155657e+00 2.1795077e+00 2.2473118e+00 2.2980722e+00 2.3374867e+00 2.3725858e+00
2.0643640e+00 2.1182274e+00 2.1822760e+00 2.2501858e+00 2.3010455e+00 2.3405374e+00 2.3756926e+00
2.0669799e+00 2.1209014e+00 2.1850568e+00 2.2530728e+00 2.3040320e+00 2.3436006e+00 2.3788115e+00
2.0696085e+00 2.1235872e+00 2.1878496e+00 2.2559725e+00 2.3070314e+00 2.3466769e+00 2.3819433e+00
2.0722490e+00 2.1262841e+00 2.1906540e+00 2.2588846e+00 2.3100439e+00 2.3497664e+00 2.3850886e+00
2.0749009e+00 2.1289914e+00 2.1934692e+00 2.2618087e+00 2.3130692e+00 2.3528694e+00 2.3882484e+00
2.0775409e+00 2.1316815e+00 2.1962618e+00 2.2647044e+00 2.3160590e+00 2.3559286e+00 2.3913554e+00
2.0802164e+00 2.1344115e+00 2.1991017e+00 2.2676566e+00 2.3191159e+00 2.3590665e+00 2.3945539e+00
2.0829010e+00 2.1371500e+00 2.2019510e+00 2.2706199e+00 2.3221856e+00 2.3622190e+00 2.3977693e+00
2.0855943e+00 2.1398966e+00 2.2048093e+00 2.2735941e+00 2.3252683e+00 2.3653865e+00 2.4010025e+00
2.0882956e+00 2.1426505e+00 2.2076761e+00 2.2765789e+00 2.3283638e+00 2.3685695e+00 2.4042544e+00
2.0910044e+00 2.1454113e+00 2.2105509e+00 2.2795741e+00 2.3314724e+00 2.3717685e+00 2.4075260e+00
2.0937200e+00 2.1481784e+00 2.2134334e+00 2.2825795e+00 2.3345941e+00 2.3749839e+00 2.4108183e+00
2.0964418e+00 2.1509512e+00 2.2163230e+00 2.2855949e+00 2.3377291e+00 2.3782163e+00 2.4141324e+00
2.0991693e+00 2.1537292e+00 2.2192194e+00 2.2886199e+00 2.3408774e+00 2.3814663e+00 2.4174694e+00
2.1019018e+00 2.1565118e+00 2.2221221e+00 2.2916545e+00 2.3440391e+00 2.3847344e+00 2.4208304e+00
2.1046387e+00 2.1592983e+00 2.2250306e+00 2.2946985e+00 2.3472144e+00 2.3880211e+00 2.4242166e+00
2.1073795e+00 2.1620883e+00 2.2279445e+00 2.2977516e+00 2.3504036e+00 2.3913272e+00 2.4276293e+00
2.1101234e+00 2.1648811e+00 2.2308634e+00 2.3008136e+00 2.3536066e+00 2.3946533e+00 2.4310697e+00
2.1128700e+00 2.1676762e+00 2.2337867e+00 2.3038844e+00 2.3568239e+00 2.3980001e+00 2.4345394e+00
2.1156186e+00 2.1704728e+00 2.2367141e+00 2.3069637e+00 2.3600555e+00 2.4013684e+00 2.4380396e+00
2.1183684e+00 2.1732705e+00 2.2396450e+00 2.3100514e+00 2.3633017e+00 2.4047591e+00 2.4415721e+00
2.1211189e+00 2.1760685e+00 2.2425789e+00 2.3131474e+00 2.3665629e+00 2.4081729e+00 2.4451385e+00
2.1238694e+00 2.1788661e+00 2.2455153e+00 2.3162513e+00 2.3698392e+00 2.4116108e+00 2.4487405e+00
2.1266191e+00 2.1816627e+00 2.2484538e+00 2.3193631e+00 2.3731311e+00 2.4150739e+00 2.4523800e+00
2.1293672e+00 2.1844575e+00 2.2513937e+00 2.3224826e+00 2.3764388e+00 2.4185631e+00 2.4560591e+00
2.1321131e+00 2.1872497e+00 2.2543344e+00 2.3256096e+00 2.3797629e+00 2.4220798e+00 2.4597800e+00
2.1348557e+00 2.1900385e+00 2.2572754e+00 2.3287438e+00 2.3831036e+00 2.4256251e+00 2.4635450e+00
2.1375944e+00 2.1928231e+00 2.2602159e+00 2.3318852e+00 2.3864616e+00 2.4292004e+00 2.4673568e+00
2.1403280e+00 2.1956025e+00 2.2631553e+00 2.3350334e+00 2.3898372e+00 2.4328072e+00 2.4712181e+00
2.1430555e+00 2.1983756e+00 2.2660929e+00 2.3381883e+00 2.3932311e+00 2.4364471e+00 2.4751318e+00
2.1457759e+00 2.2011414e+00 2.2690278e+00 2.3413496e+00 2.3966439e+00 2.4401219e+00 2.4791014e+00
2.1484880e+00 2.2038988e+00 2.2719591e+00 2.3445171e+00 2.4000762e+00 2.4438335e+00 2.4831304e+00
2.1511903e+00 2.2066464e+00 2.2748859e+00 2.3476905e+00 2.4035288e+00 2.4475839e+00 2.4872226e+00
2.1538816e+00 2.2093829e+00 2.2778071e+00 2.3508695e+00 2.4070025e+00 2.4513755e+00 2.4913824e+00
2.1565603e+00 2.2121067e+00 2.2807217e+00 2.3540537e+00 2.4104981e+00 2.4552107e+00 2.4956144e+00
2.1592247e+00 2.2148162e+00 2.2836283e+00 2.3572429e+00 2.4140165e+00 2.4590922e+00 2.4999236e+00
2.1618730e+00 2.2175097e+00 2.2865257e+00 2.3604366e+00 2.4175587e+00 2.4630229e+00 2.5043156e+00
2.1645032e+00 2.2201851e+00 2.2894123e+00 2.3636343e+00 2.4211259e+00 2.4670061e+00 2.5087964e+00
2.1671131e+00 2.2228404e+00 2.2922865e+00 2.3668355e+00 2.4247192e+00 2.4710452e+00 2.5133728e+00
2.1697005e+00 2.2254732e+00 2.2951466e+00 2.3700398e+00 2.4283400e+00 2.4751440e+00 2.5180518e+00
2.1722627e+00 2.2280810e+00 2.2979905e+00 2.3732464e+00 2.4319894e+00 2.4793066e+00 2.5228413e+00
2.1747972e+00 2.2306611e+00 2.3008163e+00 2.3764546e+00 2.4356691e+00 2.4835375e+00 2.5277499e+00
2.1773009e+00 2.2332105e+00 2.3036215e+00 2.3796637e+00 2.4393806e+00 2.4878414e+00 2.5327866e+00
2.1797708e+00 2.2357260e+00 2.3064036e+00 2.3828728e+00 2.4431254e+00 2.4922235e+00 2.5379616e+00
2.1822036e+00 2.2382043e+00 2.3091599e+00 2.3860809e+00 2.4469055e+00 2.4966893e+00 2.5432856e+00
2.1845959e+00 2.2406416e+00 2.3118875e+00 2.3892869e+00 2.4507226e+00 2.5012448e+00 2.5487700e+00
2.1869293e+00 2.2430105e+00 2.3145474e+00 2.3924386e+00 2.4545079e+00 2.5058012e+00 2.5543033e+00
2.1892315e+00 2.2453569e+00 2.3172115e+00 2.3956424e+00 2.4584126e+00 2.5105654e+00 2.5601596e+00
2.1914823e+00 2.2476499e+00 2.3198363e+00 2.3988398e+00 2.4623600e+00 2.5154388e+00 2.5662154e+00
2.1936779e+00 2.2498851e+00 2.3224177e+00 2.4020291e+00 2.4663522e+00 2.5204287e+00 2.5724853e+00
2.1958151e+00 2.2520578e+00 2.3249514e+00 2.4052084e+00 2.4703913e+00 2.5255426e+00 2.5789844e+00
2.1978906e+00 2.2541632e+00 2.3274326e+00 2.4083753e+00 2.4744789e+00 2.5307880e+00 2.5857286e+00
2.1999017e+00 2.2561961e+00 2.3298558e+00 2.4115271e+00 2.4786168e+00 2.5361726e+00 2.5927343e+00
2.2018460e+00 2.2581511e+00 2.3322149e+00 2.4146600e+00 2.4828064e+00 2.5417046e+00 2.6000193e+00
2.2037218e+00 2.2600219e+00 2.3345021e+00 2.4177695e+00 2.4870486e+00 2.5473922e+00 2.6076026e+00
2.2055280e+00 2.2618004e+00 2.3367070e+00 2.4208488e+00 2.4913436e+00 2.5532449e+00 2.6155071e+00
2.2072633e+00 2.2634751e+00 2.3388139e+00 2.4238871e+00 2.4956910e+00 2.5592753e+00 2.6237641e+00
2.2089245e+00 2.2650248e+00 2.3407945e+00 2.4268650e+00 2.5000894e+00 2.5655042e+00 2.6324262e+00
2.2104978e+00 2.2663964e+00 2.3425809e+00 2.4297368e+00 2.5045364e+00 2.5719841e+00 2.6416218e+00
2.2118426e+00 2.2672487e+00 2.3437629e+00 2.4322239e+00 2.5090096e+00 2.5790150e+00 2.6520925e+00
2.2134254e+00 2.2684944e+00 2.3453800e+00 2.4349958e+00 2.5134808e+00 2.5856821e+00 2.6617296e+00
2.2152239e+00 2.2701223e+00 2.3474381e+00 2.4380879e+00 2.5180311e+00 2.5921262e+00 2.6707457e+00
2.2171357e+00 2.2719452e+00 2.3497226e+00 2.4413490e+00 2.5226341e+00 2.5984801e+00 2.6794878e+00
2.2191283e+00 2.2739058e+00 2.3521685e+00 2.4447343e+00 2.5272840e+00 2.6047888e+00 2.6880682e+00
2.2211846e+00 2.2759751e+00 2.3547432e+00 2.4482211e+00 2.5319783e+00 2.6110756e+00 2.6965445e+00
2.2232940e+00 2.2781352e+00 2.3574267e+00 2.4517955e+00 2.5367153e+00 2.6173549e+00 2.7049518e+00
2.2254491e+00 2.2803744e+00 2.3602055e+00 2.4554480e+00 2.5414937e+00 2.6236362e+00 2.7133139e+00
2.2276448e+00 2.2826839e+00 2.3630698e+00 2.4591716e+00 2.5463128e+00 2.6299267e+00 2.7216479e+00
2.2298771e+00 2.2850575e+00 2.3660125e+00 2.4629610e+00 2.5511717e+00 2.6362316e+00 2.7299669e+00
2.2321427e+00 2.2874901e+00 2.3690276e+00 2.4668121e+00 2.5560699e+00 2.6425551e+00 2.7382810e+00
2.2344393e+00 2.2899776e+00 2.3721107e+00 2.4707215e+00 2.5610068e+00 2.6489007e+00 2.7465985e+00
2.2367648e+00 2.2925170e+00 2.3752580e+00 2.4746863e+00 2.5659821e+00 2.6552711e+00 2.7549259e+00
2.2391175e+00 2.2951056e+00 2.3784664e+00 2.4787041e+00 2.5709954e+00 2.6616687e+00 2.7632691e+00
2.2414959e+00 2.2977411e+00 2.3817331e+00 2.4827729e+00 2.5760464e+00 2.6680956e+00 2.7716329e+00
2.2438990e+00 2.3004216e+00 2.3850558e+00 2.4868908e+00 2.5811348e+00 2.6745536e+00 2.7800215e+00
2.2463255e+00 2.3031456e+00 2.3884327e+00 2.4910564e+00 2.5862605e+00 2.6810444e+00 2.7884386e+00
2.2487748e+00 2.3059117e+00 2.3918619e+00 2.4952681e+00 2.5914233e+00 2.6875694e+00 2.7968873e+00
2.2512460e+00 2.3087188e+00 2.3953420e+00 2.4995248e+00 2.5966230e+00 2.6941299e+00 2.8053708e+00
2.2537384e+00 2.3115657e+00 2.3988714e+00 2.5038253e+00 2.6018595e+00 2.7007271e+00 2.8138915e+00
2.2562516e+00 2.3144516e+00 2.4024491e+00 2.5081686e+00 2.6071328e+00 2.7073623e+00 2.8224519e+00
2.2587849e+00 2.3173756e+00 2.4060739e+00 2.5125538e+00 2.6124428e+00 2.7140365e+00 2.8310542e+00
2.2613379e+00 2.3203372e+00 2.4097447e+00 2.5169799e+00 2.6177895e+00 2.7207506e+00 2.8397004e+00
2.2639103e+00 2.3233356e+00 2.4134607e+00 2.5214462e+00 2.6231728e+00 2.7275058e+00 2.8483925e+00
2.2665018e+00 2.3263703e+00 2.4172209e+00 2.5259520e+00 2.6285929e+00 2.7343029e+00 2.8571321e+00
2.2691119e+00 2.3294408e+00 2.4210246e+00 2.5304966e+00 2.6340497e+00 2.7411427e+00 2.8659209e+00
2.2717405e+00 2.3325467e+00 2.4248710e+00 2.5350794e+00 2.6395434e+00 2.7480263e+00 2.8747606e+00
2.2743874e+00 2.3356875e+00 2.4287594e+00 2.5396997e+00 2.6450739e+00 2.7549544e+00 2.8836524e+00
2.2770523e+00 2.3388629e+00 2.4326892e+00 2.5443571e+00 2.6506414e+00 2.7619277e+00 2.8925980e+00
2.2797045e+00 2.3420259e+00 2.4366009e+00 2.5489825e+00 2.6561661e+00 2.7688548e+00 2.9014968e+00
2.2824087e+00 2.3452753e+00 2.4406189e+00 2.5537207e+00 2.6618177e+00 2.7759324e+00 2.9105659e+00
2.2851304e+00 2.3485583e+00 2.4446763e+00 2.5584944e+00 2.6675065e+00 2.7830575e+00 2.9196922e+00
2.2878695e+00 2.3518747e+00 2.4487726e+00 2.5633030e+00 2.6732328e+00 2.7902310e+00 2.9288770e+00
2.2906261e+00 2.3552244e+00 2.4529075e+00 2.5681464e+00 2.6789969e+00 2.7974537e+00 2.9381216e+00
2.2933999e+00 2.3586071e+00 2.4570804e+00 2.5730242e+00 2.6847990e+00 2.8047264e+00 2.9474270e+00
2.2961911e+00 2.3620227e+00 2.4612909e+00 2.5779361e+00 2.6906395e+00 2.8120499e+00 2.9567944e+00
2.2989995e+00 2.3654711e+00 2.4655386e+00 2.5828817e+00 2.6965186e+00 2.8194251e+00 2.9662250e+00
2.3018252e+00 2.3689521e+00 2.4698231e+00 2.5878610e+00 2.7024366e+00 2.8268527e+00 2.9757198e+00
2.3046681e+00 2.3724656e+00 2.4741440e+00 2.5928735e+00 2.7083939e+00 2.8343336e+00 2.9852797e+00
2.3075283e+00 2.3760115e+00 2.4785008e+00 2.5979192e+00 2.7143909e+00 2.8418684e+00 2.9949059e+00
2.3104057e+00 2.3795897e+00 2.4828933e+00 2.6029978e+00 2.7204278e+00 2.8494581e+00 3.0045993e+00
2.3133005e+00 2.3832001e+00 2.4873211e+00 2.6081090e+00 2.7265050e+00 2.8571033e+00 3.0143609e+00
2.3162126e+00 2.3868426e+00 2.4917837e+00 2.6132529e+00 2.7326230e+00 2.8648048e+00 3.0241915e+00
2.3191420e+00 2.3905171e+00 2.4962808e+00 2.6184291e+00 2.7387821e+00 2.8725635e+00 3.0340922e+00
2.3220889e+00 2.3942235e+00 2.5008121e+00 2.6236376e+00 2.7449827e+00 2.8803800e+00 3.0440638e+00
2.3250532e+00 2.3979618e+00 2.5053772e+00 2.6288782e+00 2.7512253e+00 2.8882552e+00 3.0541072e+00
2.3280350e+00 2.4017317e+00 2.5099758e+00 2.6341508e+00 2.7575103e+00 2.8961898e+00 3.0642233e+00
2.3310345e+00 2.4055334e+00 2.5146075e+00 2.6394555e+00 2.7638381e+00 2.9041846e+00 3.0744129e+00
2.3340516e+00 2.4093666e+00 2.5192721e+00 2.6447920e+00 2.7702092e+00 2.9122404e+00 3.0846768e+00
2.3370864e+00 2.4132313e+00 2.5239691e+00 2.6501604e+00 2.7766241e+00 2.9203578e+00 3.0950159e+00
2.3401390e+00 2.4171275e+00 2.5286983e+00 2.6555606e+00 2.7830833e+00 2.9285377e+00 3.1054311e+00
2.3432095e+00 2.4210550e+00 2.5334593e+00 2.6609926e+00 2.7895872e+00 2.9367809e+00 3.1159230e+00
2.3462979e+00 2.4250137e+00 2.5382519e+00 2.6664564e+00 2.7961365e+00 2.9450880e+00 3.1264925e+00
2.3494045e+00 2.4290036e+00 2.5430756e+00 2.6719520e+00 2.8027315e+00 2.9534600e+00 3.1371404e+00
2.3525291e+00 2.4330245e+00 2.5479303e+00 2.6774794e+00 2.8093729e+00 2.9618974e+00 3.1478674e+00
2.3556721e+00 2.4370765e+00 2.5528156e+00 2.6830388e+00 2.8160611e+00 2.9704011e+00 3.1586743e+00
2.3588334e+00 2.4411593e+00 2.5577313e+00 2.6886301e+00 2.8227969e+00 2.9789719e+00 3.1695618e+00
2.3620131e+00 2.4452730e+00 2.5626770e+00 2.6942534e+00 2.8295806e+00 2.9876104e+00 3.1805307e+00
2.3652114e+00 2.4494173e+00 2.5676524e+00 2.6999089e+00 2.8364129e+00 2.9963176e+00 3.1915817e+00
2.3684283e+00 2.4535923e+00 2.5726572e+00 2.7055967e+00 2.8432944e+00 3.0050940e+00 3.2027155e+00
2.3716640e+00 2.4577977e+00 2.5776913e+00 2.7113168e+00 2.8502257e+00 3.0139405e+00 3.2139329e+00
2.3749186e+00 2.4620335e+00 2.5827542e+00 2.7170694e+00 2.8572074e+00 3.0228578e+00 3.2252344e+00
2.3781921e+00 2.4662995e+00 2.5878458e+00 2.7228547e+00 2.8642400e+00 3.0318466e+00 3.2366209e+00
2.3814847e+00 2.4705956e+00 2.5929658e+00 2.7286728e+00 2.8713243e+00 3.0409078e+00 3.2480930e+00
2.3847965e+00 2.4749218e+00 2.5981139e+00 2.7345240e+00 2.8784609e+00 3.0500420e+00 3.2596513e+00
2.3881276e+00 2.4792778e+00 2.6032898e+00 2.7404084e+00 2.8856503e+00 3.0592500e+00 3.2712966e+00
2.3914781e+00 2.4836635e+00 2.6084933e+00 2.7463262e+00 2.8928932e+00 3.0685325e+00 3.2830294e+00
2.3948482e+00 2.4880788e+00 2.6137242e+00 2.7522778e+00 2.9001903e+00 3.0778902e+00 3.2948504e+00
2.3982378e+00 2.4925235e+00 2.6189822e+00 2.7582632e+00 2.9075422e+00 3.0873239e+00 3.3067603e+00
2.4016472e+00 2.4969974e+00 2.6242671e+00 2.7642828e+00 2.9149496e+00 3.0968344e+00 3.3187596e+00
2.4050383e+00 2.5014461e+00 2.6295113e+00 2.7702527e+00 2.9223103e+00 3.1063064e+00 3.3307303e+00
2.4084919e+00 2.5059845e+00 2.6348572e+00 2.7763512e+00 2.9298425e+00 3.1159859e+00 3.3429246e+00
2.4119654e+00 2.5105515e+00 2.6402291e+00 2.7824845e+00 2.9374319e+00 3.1257440e+00 3.3552097e+00
2.4154590e+00 2.5151469e+00 2.6456269e+00 2.7886529e+00 2.9450794e+00 3.1355814e+00 3.3675865e+00
2.4189729e+00 2.5197706e+00 2.6510504e+00 2.7948570e+00 2.9527856e+00 3.1454989e+00 3.3800556e+00
2.4225070e+00 2.5244224e+00 2.6564994e+00 2.8010971e+00 2.9605514e+00 3.1554974e+00 3.3926177e+00
2.4260616e+00 2.5291022e+00 2.6619740e+00 2.8073735e+00 2.9683774e+00 3.1655775e+00 3.4052734e+00
2.4296368e+00 2.5338097e+00 2.6674738e+00 2.8136868e+00 2.9762644e+00 3.1757402e+00 3.4180234e+00
2.4332327e+00 2.5385449e+00 2.6729988e+00 2.8200373e+00 2.9842133e+00 3.1859860e+00 3.4308683e+00
2.4368494e+00 2.5433075e+00 2.6785488e+00 2.8264255e+00 2.9922247e+00 3.1963159e+00 3.4438087e+00
2.4404871e+00 2.5480973e+00 2.6841238e+00 2.8328519e+00 3.0002993e+00 3.2067304e+00 3.4568453e+00
2.4441457e+00 2.5529141e+00 2.6897236e+00 2.8393167e+00 3.0084380e+00 3.2172303e+00 3.4699787e+00
2.4478255e+00 2.5577577e+00 2.6953481e+00 2.8458206e+00 3.0166414e+00 3.2278164e+00 3.4832095e+00
2.4515264e+00 2.5626280e+00 2.7009971e+00 2.8523639e+00 3.0249102e+00 3.2384892e+00 3.4965384e+00
2.4552487e+00 2.5675246e+00 2.7066707e+00 2.8589470e+00 3.0332450e+00 3.2492496e+00 3.5099662e+00
2.4589924e+00 2.5724473e+00 2.7123686e+00 2.8655704e+00 3.0416467e+00 3.2600981e+00 3.5234932e+00
2.4627575e+00 2.5773959e+00 2.7180909e+00 2.8722348e+00 3.0501161e+00 3.2710356e+00 3.5371200e+00
2.4665442e+00 2.5823701e+00 2.7238376e+00 2.8789408e+00 3.0586540e+00 3.2820627e+00 3.5508469e+00
2.4703526e+00 2.5873698e+00 2.7296086e+00 2.8856888e+00 3.0672612e+00 3.2931801e+00 3.5646745e+00
2.4741826e+00 2.5923946e+00 2.7354040e+00 2.8924795e+00 3.0759385e+00 3.3043886e+00 3.5786032e+00
2.4780344e+00 2.5974443e+00 2.7412236e+00 2.8993134e+00 3.0846867e+00 3.3156889e+00 3.5926334e+00
2.4819080e+00 2.6025185e+00 2.7470677e+00 2.9061912e+00 3.0935065e+00 3.3270815e+00 3.6067656e+00
2.4858035e+00 2.6076172e+00 2.7529360e+00 2.9131134e+00 3.1023988e+00 3.3385673e+00 3.6210004e+00
2.4897209e+00 2.6127399e+00 2.7588288e+00 2.9200806e+00 3.1113643e+00 3.3501468e+00 3.6353380e+00
2.4936602e+00 2.6178864e+00 2.7647460e+00 2.9270934e+00 3.1204038e+00 3.3618207e+00 3.6497790e+00
2.4976216e+00 2.6230564e+00 2.7706877e+00 2.9341526e+00 3.1295181e+00 3.3735896e+00 3.6643237e+00
2.5016049e+00 2.6282496e+00 2.7766540e+00 2.9412586e+00 3.1387079e+00 3.3854543e+00 3.6789726e+00
2.5056104e+00 2.6334658e+00 2.7826449e+00 2.9484122e+00 3.1479740e+00 3.3974153e+00 3.6937260e+00
2.5096378e+00 2.6387046e+00 2.7886606e+00 2.9556140e+00 3.1573172e+00 3.4094732e+00 3.7085844e+00
2.5136874e+00 2.6439658e+00 2.7947011e+00 2.9628647e+00 3.1667383e+00 3.4216288e+00 3.7235481e+00
2.5177590e+00 2.6492490e+00 2.8007666e+00 2.9701649e+00 3.1762380e+00 3.4338826e+00 3.7386174e+00
2.5218527e+00 2.6545540e+00 2.8068573e+00 2.9775153e+00 3.1858171e+00 3.4462352e+00 3.7537928e+00
2.5259685e+00 2.6598805e+00 2.8129732e+00 2.9849166e+00 3.1954763e+00 3.4586873e+00 3.7690746e+00
2.5301063e+00 2.6652281e+00 2.8191145e+00 2.9923695e+00 3.2052165e+00 3.4712393e+00 3.7844630e+00
2.5342661e+00 2.6705966e+00 2.8252815e+00 2.9998746e+00 3.2150383e+00 3.4838920e+00 3.7999584e+00
2.5384479e+00 2.6759856e+00 2.8314743e+00 3.0074327e+00 3.2249425e+00 3.4966459e+00 3.8155611e+00
2.5426516e+00 2.6813949e+00 2.8376930e+00 3.0150445e+00 3.2349299e+00 3.5095015e+00 3.8312714e+00
2.5468771e+00 2.6868241e+00 2.8439380e+00 3.0227106e+00 3.2450012e+00 3.5224594e+00 3.8470894e+00
2.5511245e+00 2.6922730e+00 2.8502095e+00 3.0304319e+00 3.2551571e+00 3.5355202e+00 3.8630156e+00
2.5553936e+00 2.6977412e+00 2.8565076e+00 3.0382090e+00 3.2653985e+00 3.5486844e+00 3.8790501e+00
2.5596844e+00 2.7032284e+00 2.8628327e+00 3.0460426e+00 3.2757259e+00 3.5619525e+00 3.8951931e+00
2.5639968e+00 2.7087343e+00 2.8691850e+00 3.0539334e+00 3.2861401e+00 3.5753251e+00 3.9114448e+00
2.5682911e+00 2.7142056e+00 2.8754922e+00 3.0617857e+00 3.2965286e+00 3.5886862e+00 3.9276994e+00
2.5726512e+00 2.7197547e+00 2.8819087e+00 3.0698051e+00 3.3071327e+00 3.6022839e+00 3.9441829e+00
2.5770325e+00 2.7253214e+00 2.8883532e+00 3.0778838e+00 3.3178255e+00 3.6159873e+00 3.9607752e+00
2.5814348e+00 2.7309056e+00 2.8948260e+00 3.0860226e+00 3.3286078e+00 3.6297969e+00 3.9774766e+00
2.5858580e+00 2.7365069e+00 2.9013276e+00 3.0942223e+00 3.3394804e+00 3.6437132e+00 3.9942873e+00
2.5903020e+00 2.7421251e+00 2.9078583e+00 3.1024838e+00 3.3504440e+00 3.6577369e+00 4.0112074e+00
2.5947667e+00 2.7477599e+00 2.9144186e+00 3.1108078e+00 3.3614995e+00 3.6718684e+00 4.0282371e+00
2.5992519e+00 2.7534112e+00 2.9210088e+00 3.1191952e+00 3.3726476e+00 3.6861083e+00 4.0453765e+00
2.6037575e+00 2.7590786e+00 2.9276295e+00 3.1276467e+00 3.3838890e+00 3.7004571e+00 4.0626258e+00
2.6082834e+00 2.7647620e+00 2.9342811e+00 3.1361633e+00 3.3952245e+00 3.7149152e+00 4.0799850e+00
2.6128292e+00 2.7704610e+00 2.9409640e+00 3.1447457e+00 3.4066548e+00 3.7294832e+00 4.0974542e+00
2.6173949e+00 2.7761755e+00 2.9476787e+00 3.1533946e+00 3.4181807e+00 3.7441615e+00 4.1150335e+00
2.6219803e+00 2.7819052e+00 2.9544257e+00 3.1621110e+00 3.4298028e+00 3.7589506e+00 4.1327227e+00
2.6265850e+00 2.7876498e+00 2.9612054e+00 3.1708957e+00 3.4415218e+00 3.7738509e+00 4.1505221e+00
2.6312090e+00 2.7934093e+00 2.9680184e+00 3.1797494e+00 3.4533385e+00 3.7888627e+00 4.1684314e+00
2.6358519e+00 2.7991833e+00 2.9748651e+00 3.1886729e+00 3.4652536e+00 3.8039866e+00 4.1864507e+00
2.6405135e+00 2.8049716e+00 2.9817462e+00 3.1976670e+00 3.4772676e+00 3.8192229e+00 4.2045798e+00
2.6451936e+00 2.8107741e+00 2.9886620e+00 3.2067327e+00 3.4893814e+00 3.8345719e+00 4.2228187e+00
2.6498919e+00 2.8165905e+00 2.9956132e+00 3.2158705e+00 3.5015956e+00 3.8500342e+00 4.2411672e+00
2.6546080e+00 2.8224206e+00 3.0026003e+00 3.2250815e+00 3.5139108e+00 3.8656099e+00 4.2596252e+00
2.6593418e+00 2.8282644e+00 3.0096239e+00 3.2343663e+00 3.5263277e+00 3.8812995e+00 4.2781925e+00
2.6640928e+00 2.8341215e+00 3.0166846e+00 3.2437257e+00 3.5388470e+00 3.8971033e+00 4.2968689e+00
2.6688609e+00 2.8399919e+00 3.0237828e+00 3.2531606e+00 3.5514693e+00 3.9130216e+00 4.3156541e+00
2.6736455e+00 2.8458754e+00 3.0309193e+00 3.2626718e+00 3.5641952e+00 3.9290547e+00 4.3345479e+00
2.6784465e+00 2.8517718e+00 3.0380946e+00 3.2722601e+00 3.5770254e+00 3.9452028e+00 4.3535499e+00
2.6832634e+00 2.8576810e+00 3.0453093e+00 3.2819262e+00 3.5899605e+00 3.9614664e+00 4.3726599e+00
2.6880959e+00 2.8636028e+00 3.0525641e+00 3.2916710e+00 3.6030011e+00 3.9778455e+00 4.3918774e+00
2.6929436e+00 2.8695373e+00 3.0598596e+00 3.3014953e+00 3.6161480e+00 3.9943406e+00 4.4112021e+00
2.6978061e+00 2.8754841e+00 3.0671964e+00 3.3113998e+00 3.6294017e+00 4.0109517e+00 4.4306335e+00
2.7026831e+00 2.8814433e+00 3.0745751e+00 3.3213854e+00 3.6427626e+00 4.0276791e+00 4.4501713e+00
2.7075740e+00 2.8874147e+00 3.0819963e+00 3.3314526e+00 3.6562314e+00 4.0445229e+00 4.4698152e+00
2.7124785e+00 2.8933983e+00 3.0894608e+00 3.3416024e+00 3.6698085e+00 4.0614834e+00 4.4895645e+00
2.7173961e+00 2.8993939e+00 3.0969690e+00 3.3518353e+00 3.6834946e+00 4.0785605e+00 4.5094189e+00
2.7223264e+00 2.9054016e+00 3.1045217e+00 3.3621523e+00 3.6972902e+00 4.0957546e+00 4.5293778e+00
2.7272690e+00 2.9114212e+00 3.1121196e+00 3.3725540e+00 3.7111957e+00 4.1130656e+00 4.5494406e+00
2.7322232e+00 2.9174528e+00 3.1197632e+00 3.3830411e+00 3.7252118e+00 4.1304937e+00 4.5696066e+00
2.7371888e+00 2.9234962e+00 3.1274533e+00 3.3936145e+00 3.7393389e+00 4.1480389e+00 4.5898753e+00
2.7421651e+00 2.9295515e+00 3.1351904e+00 3.4042748e+00 3.7535775e+00 4.1657013e+00 4.6102460e+00
2.7471516e+00 2.9356185e+00 3.1429754e+00 3.4150227e+00 3.7679281e+00 4.1834808e+00 4.6307179e+00
2.7521478e+00 2.9416974e+00 3.1508087e+00 3.4258590e+00 3.7823912e+00 4.2013777e+00 4.6512903e+00
2.7571532e+00 2.9477880e+00 3.1586912e+00 3.4367843e+00 3.7969672e+00 4.2193916e+00 4.6719623e+00
2.7621252e+00 2.9538276e+00 3.1665284e+00 3.4476798e+00 3.8115315e+00 4.2374120e+00 4.6926540e+00
2.7671523e+00 2.9599492e+00 3.1745223e+00 3.4587997e+00 3.8263501e+00 4.2556744e+00 4.7135336e+00
2.7721869e+00 2.9660825e+00 3.1825670e+00 3.4700105e+00 3.8412826e+00 4.2740533e+00 4.7345097e+00
2.7772281e+00 2.9722275e+00 3.1906634e+00 3.4813128e+00 3.8563295e+00 4.2925487e+00 4.7555814e+00
2.7822756e+00 2.9783843e+00 3.1988122e+00 3.4927076e+00 3.8714913e+00 4.3111605e+00 4.7767477e+00
2.7873286e+00 2.9845530e+00 3.2070142e+00 3.5041956e+00 3.8867686e+00 4.3298888e+00 4.7980077e+00
2.7923867e+00 2.9907336e+00 3.2152700e+00 3.5157774e+00 3.9021618e+00 4.3487334e+00 4.8193604e+00
2.7974491e+00 2.9969263e+00 3.2235805e+00 3.5274540e+00 3.9176713e+00 4.3676942e+00 4.8408046e+00
2.8025152e+00 3.0031311e+00 3.2319463e+00 3.5392260e+00 3.9332977e+00 4.3867710e+00 4.8623391e+00
2.8075844e+00 3.0093481e+00 3.2403682e+00 3.5510941e+00 3.9490413e+00 4.4059636e+00 4.8839629e+00
2.8126559e+00 3.0155774e+00 3.2488469e+00 3.5630591e+00 3.9649027e+00 4.4252719e+00 4.9056745e+00
2.8177291e+00 3.0218191e+00 3.2573830e+00 3.5751216e+00 3.9808822e+00 4.4446956e+00 4.9274727e+00
2.8228033e+00 3.0280733e+00 3.2659774e+00 3.5872824e+00 3.9969802e+00 4.4642343e+00 4.9493562e+00
2.8278777e+00 3.0343400e+00 3.2746306e+00 3.5995422e+00 4.0131971e+00 4.4838878e+00 4.9713234e+00
2.8329515e+00 3.0406194e+00 3.2833435e+00 3.6119016e+00 4.0295334e+00 4.5036558e+00 4.9933729e+00
2.8380240e+00 3.0469114e+00 3.2921166e+00 3.6243614e+00 4.0459893e+00 4.5235378e+00 5.0155032e+00
2.8430944e+00 3.0532162e+00 3.3009506e+00 3.6369222e+00 4.0625653e+00 4.5435335e+00 5.0377125e+00
2.8481618e+00 3.0595339e+00 3.3098463e+00 3.6495846e+00 4.0792618e+00 4.5636425e+00 5.0599993e+00
2.8532254e+00 3.0658644e+00 3.3188043e+00 3.6623495e+00 4.0960790e+00 4.5838643e+00 5.0823617e+00
2.8582843e+00 3.0722078e+00 3.3278253e+00 3.6752174e+00 4.1130174e+00 4.6041984e+00 5.1047979e+00
2.8633376e+00 3.0785642e+00 3.3369099e+00 3.6881891e+00 4.1300772e+00 4.6246443e+00 5.1273060e+00
2.8683843e+00 3.0849336e+00 3.3460587e+00 3.7012652e+00 4.1472590e+00 4.6452015e+00 5.1498840e+00
2.8734234e+00 3.0913159e+00 3.3552725e+00 3.7144464e+00 4.1645629e+00 4.6658693e+00 5.1725299e+00
2.8784539e+00 3.0977111e+00 3.3645518e+00 3.7277334e+00 4.1819894e+00 4.6866473e+00 5.1952414e+00
2.8834747e+00 3.1041192e+00 3.3738972e+00 3.7411269e+00 4.1995389e+00 4.7075347e+00 5.2180163e+00
2.8884847e+00 3.1105401e+00 3.3833094e+00 3.7546276e+00 4.2172118e+00 4.7285308e+00 5.2408522e+00
2.8934828e+00 3.1169737e+00 3.3927890e+00 3.7682363e+00 4.2350083e+00 4.7496351e+00 5.2637466e+00
2.8984676e+00 3.1234197e+00 3.4023365e+00 3.7819537e+00 4.2529291e+00 4.7708467e+00 5.2866969e+00
2.9034380e+00 3.1298781e+00 3.4119526e+00 3.7957805e+00 4.2709744e+00 4.7921650e+00 5.3097004e+00
2.9083924e+00 3.1363485e+00 3.4216379e+00 3.8097176e+00 4.2891449e+00 4.8135892e+00 5.3327541e+00
2.9133295e+00 3.1428306e+00 3.4313928e+00 3.8237659e+00 4.3074411e+00 4.8351184e+00 5.3558551e+00
2.9182476e+00 3.1493240e+00 3.4412181e+00 3.8379261e+00 4.3258634e+00 4.8567519e+00 5.3789999e+00
2.9231451e+00 3.1558282e+00 3.4511141e+00 3.8521993e+00 4.3444128e+00 4.8784889e+00 5.4021853e+00
2.9280202e+00 3.1623428e+00 3.4610816e+00 3.8665864e+00 4.3630898e+00 4.9003285e+00 5.4254074e+00
2.9328709e+00 3.1688669e+00 3.4711211e+00 3.8810886e+00 4.3818953e+00 4.9222700e+00 5.4486623e+00
2.9376952e+00 3.1753998e+00 3.4812330e+00 3.8957072e+00 4.4008305e+00 4.9443123e+00 5.4719457e+00
2.9424906e+00 3.1819404e+00 3.4914182e+00 3.9104434e+00 4.4198966e+00 4.9664549e+00 5.4952528e+00
2.9472547e+00 3.1884878e+00 3.5016771e+00 3.9252989e+00 4.4390949e+00 4.9886968e+00 5.5185786e+00
2.9519846e+00 3.1950403e+00 3.5120103e+00 3.9402755e+00 4.4584274e+00 5.0110374e+00 5.5419173e+00
2.9566771e+00 3.2015965e+00 3.5224188e+00 3.9553753e+00 4.4778961e+00 5.0334760e+00 5.5652624e+00
2.9613286e+00 3.2081542e+00 3.5329032e+00 3.9706008e+00 4.4975038e+00 5.0560121e+00 5.5886067e+00
2.9658891e+00 3.2146277e+00 3.5433456e+00 3.9858254e+00 4.5171420e+00 5.0785762e+00 5.6119309e+00
2.9704512e+00 3.2211905e+00 3.5539988e+00 4.0013281e+00 4.5370529e+00 5.1013162e+00 5.6352501e+00
2.9749580e+00 3.2277459e+00 3.5647314e+00 4.0169682e+00 4.5571159e+00 5.1241530e+00 5.6585377e+00
2.9794029e+00 3.2342896e+00 3.5755454e+00 4.0327521e+00 4.5773386e+00 5.1470876e+00 5.6817793e+00
2.9837782e+00 3.2408163e+00 3.5864440e+00 4.0486889e+00 4.5977316e+00 5.1701219e+00 5.7049564e+00
2.9880742e+00 3.2473189e+00 3.5974314e+00 4.0647908e+00 4.6183098e+00 5.1932590e+00 5.7280448e+00
2.9922786e+00 3.2537883e+00 3.6085142e+00 4.0810757e+00 4.6390947e+00 5.2165047e+00 5.7510114e+00
2.9963755e+00 3.2602120e+00 3.6197028e+00 4.0975710e+00 4.6601194e+00 5.2398683e+00 5.7738084e+00
3.0003425e+00 3.2665721e+00 3.6310153e+00 4.1143212e+00 4.6814379e+00 5.2633669e+00 5.7963617e+00
3.0041474e+00 3.2728415e+00 3.6424861e+00 4.1314062e+00 4.7031469e+00 5.2870328e+00 5.8185444e+00
3.0077378e+00 3.2789740e+00 3.6541903e+00 4.1489914e+00 4.7254453e+00 5.3109363e+00 5.8401069e+00
3.0110146e+00 3.2848757e+00 3.6663371e+00 4.1675122e+00 4.7488539e+00 5.3352687e+00 5.8604194e+00
3.0136997e+00 3.2902425e+00 3.6799733e+00 4.1890252e+00 4.7758136e+00 5.3609588e+00 5.8766415e+00
3.0152999e+00 3.2951184e+00 3.6901076e+00 4.2047667e+00 4.7961162e+00 5.3838801e+00 5.8997715e+00
3.0182357e+00 3.3012960e+00 3.6977385e+00 4.2151504e+00 4.8099613e+00 5.4044532e+00 5.9308470e+00
3.0216322e+00 3.3077133e+00 3.7073753e+00 4.2288535e+00 4.8276144e+00 5.4266304e+00 5.9580865e+00
3.0253110e+00 3.3143416e+00 3.7177389e+00 4.2436589e+00 4.8464988e+00 5.4493612e+00 5.9842356e+00
3.0291957e+00 3.3211475e+00 3.7285371e+00 4.2590806e+00 4.8660532e+00 5.4724100e+00 6.0098702e+00
3.0332441e+00 3.3281090e+00 3.7396518e+00 4.2749275e+00 4.8860577e+00 5.4956820e+00 6.0352069e+00
3.0374292e+00 3.3352113e+00 3.7510220e+00 4.2911039e+00 4.9064024e+00 5.5191278e+00 6.0603491e+00
3.0417326e+00 3.3424436e+00 3.7626119e+00 4.3075547e+00 4.9270241e+00 5.5427179e+00 6.0853532e+00
3.0461407e+00 3.3497983e+00 3.7743985e+00 4.3242450e+00 4.9478826e+00 5.5664326e+00 6.1102525e+00
3.0506433e+00 3.3572695e+00 3.7863662e+00 4.3411516e+00 4.9689506e+00 5.5902580e+00 6.1350677e+00
3.0552324e+00 3.3648527e+00 3.7985037e+00 4.3582578e+00 4.9902088e+00 5.6141832e+00 6.1598120e+00
3.0599018e+00 3.3725442e+00 3.8108029e+00 4.3755514e+00 5.0116425e+00 5.6381997e+00 6.1844941e+00
3.0646462e+00 3.3803414e+00 3.8232574e+00 4.3930232e+00 5.0332406e+00 5.6623003e+00 6.2091195e+00
3.0694614e+00 3.3882420e+00 3.8358624e+00 4.4106660e+00 5.0549940e+00 5.6864791e+00 6.2336916e+00
3.0743438e+00 3.3962443e+00 3.8486142e+00 4.4284741e+00 5.0768954e+00 5.7107305e+00 6.2582124e+00
3.0792906e+00 3.4043468e+00 3.8615096e+00 4.4464428e+00 5.0989387e+00 5.7350498e+00 6.2826826e+00
3.0842993e+00 3.4125485e+00 3.8745463e+00 4.4645682e+00 5.1211186e+00 5.7594324e+00 6.3071025e+00
3.0893676e+00 3.4208484e+00 3.8877223e+00 4.4828473e+00 5.1434305e+00 5.7838742e+00 6.3314715e+00
3.0944939e+00 3.4292459e+00 3.9010360e+00 4.5012772e+00 5.1658703e+00 5.8083713e+00 6.3557885e+00
3.0996766e+00 3.4377406e+00 3.9144860e+00 4.5198555e+00 5.1884344e+00 5.8329198e+00 6.3800523e+00
3.1049143e+00 3.4463320e+00 3.9280713e+00 4.5385804e+00 5.2111194e+00 5.8575163e+00 6.4042613e+00
3.1102061e+00 3.4550200e+00 3.9417911e+00 4.5574499e+00 5.2339222e+00 5.8821570e+00 6.4284135e+00
3.1155509e+00 3.4638043e+00 3.9556445e+00 4.5764625e+00 5.2568398e+00 5.9068387e+00 6.4525070e+00
3.1209480e+00 3.4726850e+00 3.9696310e+00 4.5956166e+00 5.2798695e+00 5.9315578e+00 6.4765396e+00
3.1263967e+00 3.4816620e+00 3.9837502e+00 4.6149110e+00 5.3030087e+00 5.9563111e+00 6.5005091e+00
3.1318966e+00 3.4907356e+00 3.9980015e+00 4.6343445e+00 5.3262548e+00 5.9810954e+00 6.5244131e+00
3.1374471e+00 3.4999058e+00 4.0123848e+00 4.6539158e+00 5.3496054e+00 6.0059072e+00 6.5482491e+00
3.1430479e+00 3.5091728e+00 4.0268997e+00 4.6736240e+00 5.3730580e+00 6.0307435e+00 6.5720148e+00
3.1486987e+00 3.5185369e+00 4.0415461e+00 4.6934679e+00 5.3966102e+00 6.0556009e+00 6.5957075e+00
3.1543130e+00 3.5278776e+00 4.0561932e+00 4.7133390e+00 5.4202039e+00 6.0804870e+00 6.6193979e+00
3.1600738e+00 3.5374515e+00 4.0711185e+00 4.7334659e+00 5.4439571e+00 6.1053779e+00 6.6429298e+00
3.1658842e+00 3.5471231e+00 4.0861745e+00 4.7537252e+00 5.4678026e+00 6.1302799e+00 6.6663807e+00
3.1717443e+00 3.5568930e+00 4.1013613e+00 4.7741160e+00 5.4917379e+00 6.1551898e+00 6.6897480e+00
3.1776542e+00 3.5667618e+00 4.1166790e+00 4.7946377e+00 5.5157611e+00 6.1801044e+00 6.7130290e+00
3.1836141e+00 3.5767299e+00 4.1321278e+00 4.8152895e+00 5.5398697e+00 6.2050206e+00 6.7362212e+00
3.1896242e+00 3.5867978e+00 4.1477076e+00 4.8360705e+00 5.5640616e+00 6.2299351e+00 6.7593217e+00
3.1956849e+00 3.5969663e+00 4.1634187e+00 4.8569799e+00 5.5883344e+00 6.2548448e+00 6.7823281e+00
3.2017964e+00 3.6072357e+00 4.1792612e+00 4.8780169e+00 5.6126860e+00 6.2797465e+00 6.8052376e+00
3.2079590e+00 3.6176066e+00 4.1952352e+00 4.8991807e+00 5.6371139e+00 6.3046369e+00 6.8280477e+00
3.2141731e+00 3.6280798e+00 4.2113408e+00 4.9204704e+00 5.6616159e+00 6.3295129e+00 6.8507559e+00
3.2204392e+00 3.6386556e+00 4.2275781e+00 4.9418851e+00 5.6861896e+00 6.3543713e+00 6.8733595e+00
3.2267577e+00 3.6493348e+00 4.2439473e+00 4.9634240e+00 5.7108326e+00 6.3792087e+00 6.8958560e+00
3.2331289e+00 3.6601178e+00 4.2604485e+00 4.9850862e+00 5.7355426e+00 6.4040221e+00 6.9182429e+00
3.2395535e+00 3.6710054e+00 4.2770819e+00 5.0068707e+00 5.7603169e+00 6.4288083e+00 6.9405179e+00
3.2460320e+00 3.6819982e+00 4.2938475e+00 5.0287766e+00 5.7851533e+00 6.4535639e+00 6.9626784e+00
3.2525648e+00 3.6930967e+00 4.3107454e+00 5.0508029e+00 5.8100491e+00 6.4782858e+00 6.9847220e+00
3.2591525e+00 3.7043015e+00 4.3277758e+00 5.0729486e+00 5.8350019e+00 6.5029708e+00 7.0066465e+00
3.2657957e+00 3.7156133e+00 4.3449388e+00 5.0952127e+00 5.8600092e+00 6.5276157e+00 7.0284494e+00
3.2724950e+00 3.7270327e+00 4.3622344e+00 5.1175940e+00 5.8850682e+00 6.5522173e+00 7.0501286e+00
3.2792510e+00 3.7385603e+00 4.3796627e+00 5.1400916e+00 5.9101764e+00 6.5767724e+00 7.0716819e+00
3.2860644e+00 3.7501968e+00 4.3972238e+00 5.1627042e+00 5.9353312e+00 6.6012779e+00 7.0931069e+00
3.2929359e+00 3.7619427e+00 4.4149178e+00 5.1854309e+00 5.9605298e+00 6.6257305e+00 7.1144017e+00
3.2998659e+00 3.7737987e+00 4.4327447e+00 5.2082702e+00 5.9857696e+00 6.6501271e+00 7.1355641e+00
3.3068554e+00 3.7857653e+00 4.4507045e+00 5.2312211e+00 6.0110479e+00 6.6744645e+00 7.1565922e+00
3.3139049e+00 3.7978433e+00 4.4687973e+00 5.2542822e+00 6.0363617e+00 6.6987397e+00 7.1774838e+00
3.3210152e+00 3.8100332e+00 4.4870231e+00 5.2774524e+00 6.0617084e+00 6.7229495e+00 7.1982372e+00
3.3281870e+00 3.8223357e+00 4.5053818e+00 5.3007302e+00 6.0870851e+00 6.7470909e+00 7.2188504e+00
3.3354210e+00 3.8347513e+00 4.5238734e+00 5.3241143e+00 6.1124890e+00 6.7711607e+00 7.2393216e+00
3.3427180e+00 3.8472807e+00 4.5424980e+00 5.3476033e+00 6.1379172e+00 6.7951559e+00 7.2596491e+00
3.3500787e+00 3.8599244e+00 4.5612553e+00 5.3711957e+00 6.1633667e+00 6.8190734e+00 7.2798311e+00
3.3575040e+00 3.8726831e+00 4.5801454e+00 5.3948901e+00 6.1888347e+00 6.8429104e+00 7.2998661e+00
3.3649945e+00 3.8855573e+00 4.5991682e+00 5.4186850e+00 6.2143181e+00 6.8666637e+00 7.3197525e+00
3.3725510e+00 3.8985476e+00 4.6183235e+00 5.4425788e+00 6.2398140e+00 6.8903305e+00 7.3394886e+00
3.3801745e+00 3.9116547e+00 4.6376112e+00 5.4665699e+00 6.2653194e+00 6.9139078e+00 7.3590731e+00
3.3878655e+00 3.9248791e+00 4.6570311e+00 5.4906566e+00 6.2908313e+00 6.9373927e+00 7.3785045e+00
3.3956250e+00 3.9382213e+00 4.6765831e+00 5.5148374e+00 6.3163466e+00 6.9607825e+00 7.3977816e+00
3.4034537e+00 3.9516819e+00 4.6962669e+00 5.5391104e+00 6.3418622e+00 6.9840742e+00 7.4169030e+00
3.4113525e+00 3.9652616e+00 4.7160824e+00 5.5634739e+00 6.3673751e+00 7.0072652e+00 7.4358676e+00
3.4193221e+00 3.9789607e+00 4.7360292e+00 5.5879262e+00 6.3928822e+00 7.0303527e+00 7.4546741e+00
3.4273634e+00 3.9927798e+00 4.7561071e+00 5.6124653e+00 6.4183804e+00 7.0533340e+00 7.4733216e+00
3.4353602e+00 4.0065791e+00 4.7761974e+00 5.6370359e+00 6.4438987e+00 7.0763125e+00 7.4919580e+00
3.4435607e+00 4.0206566e+00 4.7965516e+00 5.6617512e+00 6.4693679e+00 7.0990625e+00 7.5102674e+00
3.4518351e+00 4.0348554e+00 4.8170352e+00 5.6865469e+00 6.4948184e+00 7.1216984e+00 7.5284150e+00
3.4601843e+00 4.0491759e+00 4.8376481e+00 5.7114212e+00 6.5202468e+00 7.1442176e+00 7.5464000e+00
3.4686093e+00 4.0636187e+00 4.8583899e+00 5.7363720e+00 6.5456502e+00 7.1666175e+00 7.5642214e+00
3.4771108e+00 4.0781846e+00 4.8792602e+00 5.7613972e+00 6.5710252e+00 7.1888957e+00 7.5818785e+00
3.4856900e+00 4.0928739e+00 4.9002588e+00 5.7864948e+00 6.5963687e+00 7.2110497e+00 7.5993704e+00
3.4943476e+00 4.1076874e+00 4.9213851e+00 5.8116627e+00 6.6216775e+00 7.2330772e+00 7.6166966e+00
3.5030846e+00 4.1226255e+00 4.9426388e+00 5.8368985e+00 6.6469484e+00 7.2549757e+00 7.6338563e+00
3.5119018e+00 4.1376888e+00 4.9640193e+00 5.8622001e+00 6.6721782e+00 7.2767431e+00 7.6508491e+00
3.5208003e+00 4.1528778e+00 4.9855260e+00 5.8875652e+00 6.6973637e+00 7.2983771e+00 7.6676745e+00
3.5297808e+00 4.1681929e+00 5.0071585e+00 5.9129915e+00 6.7225016e+00 7.3198756e+00 7.6843320e+00
3.5388442e+00 4.1836347e+00 5.0289161e+00 5.9384766e+00 6.7475889e+00 7.3412364e+00 7.7008214e+00
3.5479915e+00 4.1992036e+00 5.0507982e+00 5.9640180e+00 6.7726222e+00 7.3624576e+00 7.7171422e+00
3.5572235e+00 4.2149000e+00 5.0728041e+00 5.9896134e+00 6.7975985e+00 7.3835371e+00 7.7332943e+00
3.5665412e+00 4.2307245e+00 5.0949332e+00 6.0152602e+00 6.8225145e+00 7.4044729e+00 7.7492776e+00
3.5759453e+00 4.2466773e+00 5.1171845e+00 6.0409558e+00 6.8473671e+00 7.4252634e+00 7.7650918e+00
3.5854368e+00 4.2627591e+00 5.1395575e+00 6.0666978e+00 6.8721532e+00 7.4459065e+00 7.7807369e+00
3.5950166e+00 4.2789701e+00 5.1620512e+00 6.0924834e+00 6.8968695e+00 7.4664006e+00 7.7962129e+00
3.6046855e+00 4.2953107e+00 5.1846648e+00 6.1183100e+00 6.9215131e+00 7.4867440e+00 7.8115198e+00
3.6144445e+00 4.3117813e+00 5.2073975e+00 6.1441750e+00 6.9460807e+00 7.5069351e+00 7.8266578e+00
3.6242943e+00 4.3283823e+00 5.2302482e+00 6.1700756e+00 6.9705693e+00 7.5269724e+00 7.8416270e+00
3.6342358e+00 4.3451140e+00 5.2532160e+00 6.1960089e+00 6.9949760e+00 7.5468542e+00 7.8564276e+00
3.6442699e+00 4.3619768e+00 5.2762999e+00 6.2219724e+00 7.0192975e+00 7.5665792e+00 7.8710599e+00
3.6543975e+00 4.3789708e+00 5.2994989e+00 6.2479630e+00 7.0435310e+00 7.5861460e+00 7.8855241e+00
3.6646193e+00 4.3960966e+00 5.3228118e+00 6.2739779e+00 7.0676734e+00 7.6055534e+00 7.8998206e+00
3.6749364e+00 4.4133543e+00 5.3462376e+00 6.3000142e+00 7.0917219e+00 7.6248000e+00 7.9139498e+00
3.6853494e+00 4.4307441e+00 5.3697750e+00 6.3260691e+00 7.1156734e+00 7.6438847e+00 7.9279122e+00
3.6958593e+00 4.4482665e+00 5.3934228e+00 6.3521395e+00 7.1395252e+00 7.6628063e+00 7.9417082e+00
3.7064668e+00 4.4659215e+00 5.4171799e+00 6.3782224e+00 7.1632744e+00 7.6815639e+00 7.9553384e+00
3.7171728e+00 4.4837094e+00 5.4410449e+00 6.4043149e+00 7.1869181e+00 7.7001565e+00 7.9688033e+00
3.7279782e+00 4.5016304e+00 5.4650164e+00 6.4304138e+00 7.2104537e+00 7.7185830e+00 7.9821036e+00
3.7388838e+00 4.5196846e+00 5.4890931e+00 6.4565162e+00 7.2338783e+00 7.7368428e+00 7.9952400e+00
3.7498902e+00 4.5378724e+00 5.5132736e+00 6.4826190e+00 7.2571893e+00 7.7549349e+00 8.0082131e+00
3.7609985e+00 4.5561937e+00 5.5375564e+00 6.5087190e+00 7.2803842e+00 7.7728586e+00 8.0210236e+00
3.7722093e+00 4.5746486e+00 5.5619400e+00 6.5348131e+00 7.3034601e+00 7.7906134e+00 8.0336725e+00
3.7835235e+00 4.5932374e+00 5.5864228e+00 6.5608983e+00 7.3264148e+00 7.8081986e+00 8.0461604e+00
3.7949418e+00 4.6119601e+00 5.6110032e+00 6.5869712e+00 7.3492455e+00 7.8256136e+00 8.0584883e+00
3.8064651e+00 4.6308167e+00 5.6356796e+00 6.6130288e+00 7.3719500e+00 7.8428580e+00 8.0706570e+00
3.8180940e+00 4.6498073e+00 5.6604504e+00 6.6390678e+00 7.3945257e+00 7.8599315e+00 8.0826675e+00
3.8298294e+00 4.6689318e+00 5.6853137e+00 6.6650851e+00 7.4169705e+00 7.8768336e+00 8.0945207e+00
3.8416719e+00 4.6881903e+00 5.7102678e+00 6.6910776e+00 7.4392819e+00 7.8935641e+00 8.1062177e+00
3.8534933e+00 4.7074630e+00 5.7352569e+00 6.7170830e+00 7.4615758e+00 7.9102755e+00 8.1179142e+00
3.8655685e+00 4.7270051e+00 5.7603956e+00 6.7430128e+00 7.4836006e+00 7.9266433e+00 8.1292819e+00
3.8777529e+00 4.7466804e+00 5.7856189e+00 6.7689075e+00 7.5054854e+00 7.9428393e+00 8.1404970e+00
3.8900472e+00 4.7664890e+00 5.8109248e+00 6.7947639e+00 7.5272283e+00 7.9588634e+00 8.1515605e+00
3.9024522e+00 4.7864309e+00 5.8363116e+00 6.8205788e+00 7.5488271e+00 7.9747154e+00 8.1624733e+00
3.9149688e+00 4.8065060e+00 5.8617771e+00 6.8463490e+00 7.5702797e+00 7.9903953e+00 8.1732365e+00
3.9275978e+00 4.8267142e+00 5.8873193e+00 6.8720711e+00 7.5915843e+00 8.0059031e+00 8.1838512e+00
3.9403399e+00 4.8470554e+00 5.9129362e+00 6.8977419e+00 7.6127390e+00 8.0212389e+00 8.1943184e+00
3.9531959e+00 4.8675294e+00 5.9386255e+00 6.9233583e+00 7.6337419e+00 8.0364029e+00 8.2046394e+00
3.9661665e+00 4.8881360e+00 5.9643851e+00 6.9489169e+00 7.6545913e+00 8.0513952e+00 8.2148152e+00
3.9792525e+00 4.9088750e+00 5.9902127e+00 6.9744145e+00 7.6752854e+00 8.0662161e+00 8.2248471e+00
3.9924546e+00 4.9297461e+00 6.0161061e+00 6.9998479e+00 7.6958228e+00 8.0808658e+00 8.2347361e+00
4.0057735e+00 4.9507490e+00 6.0420628e+00 7.0252139e+00 7.7162018e+00 8.0953449e+00 8.2444837e+00
4.0192100e+00 4.9718835e+00 6.0680805e+00 7.0505093e+00 7.7364208e+00 8.1096537e+00 8.2540909e+00
4.0327646e+00 4.9931492e+00 6.0941569e+00 7.0757310e+00 7.7564786e+00 8.1237925e+00 8.2635591e+00
4.0464382e+00 5.0145456e+00 6.1202893e+00 7.1008757e+00 7.7763737e+00 8.1377621e+00 8.2728895e+00
4.0602314e+00 5.0360724e+00 6.1464754e+00 7.1259403e+00 7.7961048e+00 8.1515628e+00 8.2820834e+00
4.0741447e+00 5.0577290e+00 6.1727125e+00 7.1509218e+00 7.8156708e+00 8.1651953e+00 8.2911421e+00
4.0881790e+00 5.0795151e+00 6.1989980e+00 7.1758170e+00 7.8350703e+00 8.1786603e+00 8.3000669e+00
4.1023348e+00 5.1014301e+00 6.2253293e+00 7.2006228e+00 7.8543024e+00 8.1919583e+00 8.3088591e+00
4.1166128e+00 5.1234734e+00 6.2517037e+00 7.2253362e+00 7.8733660e+00 8.2050903e+00 8.3175202e+00
4.1310135e+00 5.1456445e+00 6.2781186e+00 7.2499543e+00 7.8922601e+00 8.2180568e+00 8.3260513e+00
4.1455377e+00 5.1679427e+00 6.3045710e+00 7.2744740e+00 7.9109838e+00 8.2308587e+00 8.3344539e+00
4.1601858e+00 5.1903674e+00 6.3310584e+00 7.2988923e+00 7.9295364e+00 8.2434968e+00 8.3427293e+00
4.1749585e+00 5.2129178e+00 6.3575777e+00 7.3232065e+00 7.9479169e+00 8.2559721e+00 8.3508788e+00
4.1898564e+00 5.2355933e+00 6.3841262e+00 7.3474135e+00 7.9661248e+00 8.2682854e+00 8.3589039e+00
4.2048800e+00 5.2583931e+00 6.4107010e+00 7.3715106e+00 7.9841593e+00 8.2804376e+00 8.3668059e+00
4.2200299e+00 5.2813163e+00 6.4372990e+00 7.3954949e+00 8.0020199e+00 8.2924298e+00 8.3745862e+00
4.2353066e+00 5.3043621e+00 6.4639175e+00 7.4193638e+00 8.0197061e+00 8.3042629e+00 8.3822462e+00
4.2507107e+00 5.3275297e+00 6.4905532e+00 7.4431145e+00 8.0372173e+00 8.3159380e+00 8.3897871e+00
4.2662427e+00 5.3508181e+00 6.5172033e+00 7.4667443e+00 8.0545533e+00 8.3274560e+00 8.3972106e+00
4.2819030e+00 5.3742263e+00 6.5438647e+00 7.4902506e+00 8.0717137e+00 8.3388183e+00 8.4045178e+00
4.2976922e+00 5.3977534e+00 6.5705343e+00 7.5136309e+00 8.0886982e+00 8.3500257e+00 8.4117102e+00
4.3136108e+00 5.4213983e+00 6.5972090e+00 7.5368827e+00 8.1055067e+00 8.3610795e+00 8.4187892e+00
4.3296591e+00 5.4451600e+00 6.6238856e+00 7.5600034e+00 8.1221389e+00 8.3719809e+00 8.4257562e+00
4.3458378e+00 5.4690372e+00 6.6505610e+00 7.5829907e+00 8.1385948e+00 8.3827310e+00 8.4326125e+00
4.3621472e+00 5.4930289e+00 6.6772321e+00 7.6058422e+00 8.1548744e+00 8.3933310e+00 8.4393595e+00
4.3785876e+00 5.5171337e+00 6.7038956e+00 7.6285557e+00 8.1709777e+00 8.4037822e+00 8.4459987e+00
4.3951596e+00 5.5413506e+00 6.7305483e+00 7.6511288e+00 8.1869047e+00 8.4140859e+00 8.4525313e+00
4.4118636e+00 5.5656781e+00 6.7571871e+00 7.6735594e+00 8.2026558e+00 8.4242433e+00 8.4589589e+00
4.4286997e+00 5.5901149e+00 6.7838086e+00 7.6958454e+00 8.2182310e+00 8.4342558e+00 8.4652827e+00
4.4455297e+00 5.6145820e+00 6.8104473e+00 7.7181179e+00 8.2337993e+00 8.4442868e+00 8.4716445e+00
4.4626487e+00 5.6392443e+00 6.8370223e+00 7.7400939e+00 8.2490034e+00 8.4539930e+00 8.4777472e+00
4.4799004e+00 5.6640110e+00 6.8635697e+00 7.7619192e+00 8.2640331e+00 8.4635590e+00 8.4837508e+00
4.4972854e+00 5.6888806e+00 6.8900865e+00 7.7835920e+00 8.2788887e+00 8.4729858e+00 8.4896566e+00
4.5148041e+00 5.7138517e+00 6.9165691e+00 7.8051104e+00 8.2935704e+00 8.4822747e+00 8.4954660e+00
4.5324567e+00 5.7389228e+00 6.9430144e+00 7.8264724e+00 8.3080787e+00 8.4914270e+00 8.5011800e+00
4.5502438e+00 5.7640922e+00 6.9694190e+00 7.8476764e+00 8.3224140e+00 8.5004439e+00 8.5067999e+00
4.5681655e+00 5.7893583e+00 6.9957796e+00 7.8687206e+00 8.3365768e+00 8.5093267e+00 8.5123269e+00
4.5862223e+00 5.8147193e+00 7.0220928e+00 7.8896035e+00 8.3505677e+00 8.5180768e+00 8.5177624e+00
4.6044143e+00 5.8401736e+00 7.0483555e+00 7.9103234e+00 8.3643873e+00 8.5266955e+00 8.5231075e+00
4.6227419e+00 5.8657194e+00 7.0745642e+00 7.9308789e+00 8.3780362e+00 8.5351841e+00 8.5283634e+00
4.6412052e+00 5.8913547e+00 7.1007156e+00 7.9512685e+00 8.3915152e+00 8.5435440e+00 8.5335315e+00
4.6598045e+00 5.9170776e+00 7.1268064e+00 7.9714909e+00 8.4048249e+00 8.5517765e+00 8.5386128e+00
4.6785401e+00 5.9428863e+00 7.1528334e+00 7.9915449e+00 8.4179662e+00 8.5598831e+00 8.5436087e+00
4.6974119e+00 5.9687787e+00 7.1787933e+00 8.0114291e+00 8.4309400e+00 8.5678650e+00 8.5485203e+00
4.7164202e+00 5.9947528e+00 7.2046828e+00 8.0311425e+00 8.4437469e+00 8.5757238e+00 8.5533488e+00
4.7355652e+00 6.0208065e+00 7.2304986e+00 8.0506839e+00 8.4563881e+00 8.5834607e+00 8.5580955e+00
4.7548468e+00 6.0469376e+00 7.2562375e+00 8.0700524e+00 8.4688643e+00 8.5910772e+00 8.5627615e+00
4.7742652e+00 6.0731439e+00 7.2818963e+00 8.0892470e+00 8.4811766e+00 8.5985746e+00 8.5673480e+00
4.7938204e+00 6.0994233e+00 7.3074718e+00 8.1082668e+00 8.4933260e+00 8.6059544e+00 8.5718561e+00
4.8135125e+00 6.1257734e+00 7.3329609e+00 8.1271110e+00 8.5053135e+00 8.6132179e+00 8.5762871e+00
4.8333414e+00 6.1521918e+00 7.3583603e+00 8.1457789e+00 8.5171401e+00 8.6203666e+00 8.5806420e+00
4.8533072e+00 6.1786763e+00 7.3836670e+00 8.1642697e+00 8.5288070e+00 8.6274018e+00 8.5849221e+00
4.8734097e+00 6.2052244e+00 7.4088779e+00 8.1825829e+00 8.5403153e+00 8.6343249e+00 8.5891284e+00
4.8936490e+00 6.2318337e+00 7.4339899e+00 8.2007179e+00 8.5516661e+00 8.6411374e+00 8.5932621e+00
4.9140249e+00 6.2585015e+00 7.4590000e+00 8.2186743e+00 8.5628606e+00 8.6478405e+00 8.5973242e+00
4.9345372e+00 6.2852255e+00 7.4839052e+00 8.2364515e+00 8.5739000e+00 8.6544358e+00 8.6013159e+00
4.9551859e+00 6.3120029e+00 7.5087025e+00 8.2540493e+00 8.5847855e+00 8.6609245e+00 8.6052382e+00
4.9759707e+00 6.3388312e+00 7.5333891e+00 8.2714673e+00 8.5955183e+00 8.6673081e+00 8.6090923e+00
4.9968915e+00 6.3657076e+00 7.5579620e+00 8.2887053e+00 8.6060997e+00 8.6735879e+00 8.6128792e+00
5.0179480e+00 6.3926295e+00 7.5824185e+00 8.3057631e+00 8.6165311e+00 8.6797653e+00 8.6165999e+00
5.0391399e+00 6.4195941e+00 7.6067556e+00 8.3226407e+00 8.6268136e+00 8.6858417e+00 8.6202555e+00
5.0604670e+00 6.4465986e+00 7.6309708e+00 8.3393379e+00 8.6369486e+00 8.6918184e+00 8.6238470e+00
5.0819289e+00 6.4736401e+00 7.6550613e+00 8.3558548e+00 8.6469374e+00 8.6976967e+00 8.6273754e+00
5.1035253e+00 6.5007159e+00 7.6790244e+00 8.3721915e+00 8.6567814e+00 8.7034781e+00 8.6308418e+00
5.1252558e+00 6.5278229e+00 7.7028575e+00 8.3883479e+00 8.6664820e+00 8.7091638e+00 8.6342472e+00
5.1471199e+00 6.5549583e+00 7.7265582e+00 8.4043245e+00 8.6760404e+00 8.7147552e+00 8.6375925e+00
5.1691172e+00 6.5821190e+00 7.7501239e+00 8.4201213e+00 8.6854582e+00 8.7202535e+00 8.6408787e+00
5.1912472e+00 6.6093020e+00 7.7735522e+00 8.4357387e+00 8.6947368e+00 8.7256602e+00 8.6441067e+00
5.2135094e+00 6.6365044e+00 7.7968407e+00 8.4511770e+00 8.7038774e+00 8.7309766e+00 8.6472777e+00
5.2359032e+00 6.6637231e+00 7.8199871e+00 8.4664367e+00 8.7128817e+00 8.7362039e+00 8.6503924e+00
5.2583122e+00 6.6909669e+00 7.8431272e+00 8.4817004e+00 8.7219200e+00 8.7414830e+00 8.6535634e+00
5.2809823e+00 6.7182096e+00 7.8659682e+00 8.4965830e+00 8.7306352e+00 8.7465189e+00 8.6565546e+00
5.3037814e+00 6.7454587e+00 7.8886606e+00 8.5112890e+00 8.7392191e+00 8.7514702e+00 8.6594930e+00
5.3267090e+00 6.7727110e+00 7.9112022e+00 8.5258189e+00 8.7476730e+00 8.7563382e+00 8.6623794e+00
5.3497644e+00 6.7999632e+00 7.9335909e+00 8.5401731e+00 8.7559981e+00 8.7611239e+00 8.6652145e+00
5.3729470e+00 6.8272121e+00 7.9558246e+00 8.5543524e+00 8.7641958e+00 8.7658286e+00 8.6679992e+00
5.3962560e+00 6.8544546e+00 7.9779015e+00 8.5683571e+00 8.7722674e+00 8.7704533e+00 8.6707341e+00
5.4196907e+00 6.8816873e+00 7.9998195e+00 8.5821881e+00 8.7802144e+00 8.7749991e+00 8.6734202e+00
5.4432502e+00 6.9089070e+00 8.0215768e+00 8.5958460e+00 8.7880381e+00 8.7794672e+00 8.6760582e+00
5.4669337e+00 6.9361102e+00 8.0431718e+00 8.6093317e+00 8.7957399e+00 8.7838588e+00 8.6786489e+00
5.4907402e+00 6.9632938e+00 8.0646027e+00 8.6226459e+00 8.8033211e+00 8.7881749e+00 8.6811929e+00
5.5146688e+00 6.9904544e+00 8.0858679e+00 8.6357895e+00 8.8107832e+00 8.7924167e+00 8.6836912e+00
5.5387185e+00 7.0175885e+00 8.1069658e+00 8.6487633e+00 8.8181277e+00 8.7965852e+00 8.6861444e+00
5.5628883e+00 7.0446929e+00 8.1278950e+00 8.6615684e+00 8.8253557e+00 8.8006816e+00 8.6885533e+00
5.5871770e+00 7.0717642e+00 8.1486540e+00 8.6742056e+00 8.8324689e+00 8.8047070e+00 8.6909187e+00
5.6115834e+00 7.0987990e+00 8.1692416e+00 8.6866760e+00 8.8394686e+00 8.8086624e+00 8.6932412e+00
5.6361065e+00 7.1257938e+00 8.1896563e+00 8.6989807e+00 8.8463562e+00 8.8125490e+00 8.6955216e+00
5.6607450e+00 7.1527454e+00 8.2098970e+00 8.7111206e+00 8.8531331e+00 8.8163677e+00 8.6977605e+00
5.6854977e+00 7.1796503e+00 8.2299627e+00 8.7230970e+00 8.8598007e+00 8.8201196e+00 8.6999588e+00
5.7103631e+00 7.2065051e+00 8.2498521e+00 8.7349108e+00 8.8663603e+00 8.8238059e+00 8.7021170e+00
5.7353399e+00 7.2333065e+00 8.2695643e+00 8.7465634e+00 8.8728135e+00 8.8274274e+00 8.7042360e+00
5.7604268e+00 7.2600511e+00 8.2890984e+00 8.7580558e+00 8.8791616e+00 8.8309853e+00 8.7063162e+00
5.7856223e+00 7.2867354e+00 8.3084535e+00 8.7693892e+00 8.8854059e+00 8.8344805e+00 8.7083585e+00
5.8109249e+00 7.3133562e+00 8.3276287e+00 8.7805650e+00 8.8915479e+00 8.8379140e+00 8.7103635e+00
5.8363329e+00 7.3399100e+00 8.3466235e+00 8.7915844e+00 8.8975888e+00 8.8412869e+00 8.7123317e+00
5.8618449e+00 7.3663935e+00 8.3654370e+00 8.8024485e+00 8.9035302e+00 8.8446000e+00 8.7142639e+00
5.8874592e+00 7.3928035e+00 8.3840688e+00 8.8131588e+00 8.9093733e+00 8.8478544e+00 8.7161607e+00
5.9131741e+00 7.4191365e+00 8.4025182e+00 8.8237166e+00 8.9151195e+00 8.8510510e+00 8.7180227e+00
5.9389879e+00 7.4453893e+00 8.4207849e+00 8.8341231e+00 8.9207700e+00 8.8541908e+00 8.7198504e+00
5.9648987e+00 7.4715586e+00 8.4388683e+00 8.8443798e+00 8.9263264e+00 8.8572747e+00 8.7216446e+00
5.9909048e+00 7.4976413e+00 8.4567682e+00 8.8544879e+00 8.9317899e+00 8.8603036e+00 8.7234058e+00
6.0170043e+00 7.5236339e+00 8.4744844e+00 8.8644489e+00 8.9371617e+00 8.8632784e+00 8.7251346e+00
6.0431952e+00 7.5495334e+00 8.4920165e+00 8.8742642e+00 8.9424433e+00 8.8662000e+00 8.7268315e+00
6.0694755e+00 7.5753367e+00 8.5093645e+00 8.8839352e+00 8.9476358e+00 8.8690692e+00 8.7284971e+00
6.0958434e+00 7.6010404e+00 8.5265282e+00 8.8934633e+00 8.9527407e+00 8.8718871e+00 8.7301321e+00
6.1222966e+00 7.6266417e+00 8.5435077e+00 8.9028499e+00 8.9577592e+00 8.8746544e+00 8.7317368e+00
6.1488331e+00 7.6521373e+00 8.5603029e+00 8.9120965e+00 8.9626925e+00 8.8773720e+00 8.7333120e+00
6.1754507e+00 7.6775244e+00 8.5769141e+00 8.9212045e+00 8.9675419e+00 8.8800407e+00 8.7348580e+00
6.2021472e+00 7.7027998e+00 8.5933412e+00 8.9301755e+00 8.9723087e+00 8.8826614e+00 8.7363755e+00
6.2289203e+00 7.7279607e+00 8.6095847e+00 8.9390108e+00 8.9769942e+00 8.8852349e+00 8.7378650e+00
6.2557678e+00 7.7530042e+00 8.6256447e+00 8.9477120e+00 8.9815995e+00 8.8877620e+00 8.7393270e+00
6.2826872e+00 7.7779274e+00 8.6415217e+00 8.9562805e+00 8.9861259e+00 8.8902436e+00 8.7407619e+00
6.3096402e+00 7.8028398e+00 8.6573884e+00 8.9648754e+00 8.9906988e+00 8.8927751e+00 8.7422432e+00
6.3367029e+00 7.8275020e+00 8.6728791e+00 8.9731630e+00 8.9950549e+00 8.8951554e+00 8.7436160e+00
6.3638296e+00 7.8520355e+00 8.6881886e+00 8.9813231e+00 8.9993362e+00 8.8974929e+00 8.7449636e+00
6.3910179e+00 7.8764375e+00 8.7033171e+00 8.9893571e+00 9.0035439e+00 8.8997884e+00 8.7462866e+00
6.4182652e+00 7.9007055e+00 8.7182651e+00 8.9972663e+00 9.0076790e+00 8.9020424e+00 8.7475852e+00
6.4455690e+00 7.9248368e+00 8.7330331e+00 9.0050520e+00 9.0117426e+00 8.9042557e+00 8.7488598e+00
6.4729266e+00 7.9488287e+00 8.7476218e+00 9.0127158e+00 9.0157357e+00 8.9064289e+00 8.7501109e+00
6.5003353e+00 7.9726789e+00 8.7620317e+00 9.0202590e+00 9.0196594e+00 8.9085626e+00 8.7513388e+00
6.5277924e+00 7.9963849e+00 8.7762635e+00 9.0276831e+00 9.0235147e+00 8.9106575e+00 8.7525440e+00
6.5552952e+00 8.0199442e+00 8.7903179e+00 9.0349893e+00 9.0273027e+00 8.9127143e+00 8.7537268e+00
6.5828408e+00 8.0433545e+00 8.8041958e+00 9.0421792e+00 9.0310244e+00 8.9147336e+00 8.7548877e+00
6.6104264e+00 8.0666137e+00 8.8178978e+00 9.0492542e+00 9.0346808e+00 8.9167161e+00 8.7560269e+00
6.6380490e+00 8.0897195e+00 8.8314250e+00 9.0562156e+00 9.0382729e+00 8.9186622e+00 8.7571450e+00
6.6657058e+00 8.1126697e+00 8.8447781e+00 9.0630650e+00 9.0418018e+00 8.9205728e+00 8.7582422e+00
6.6933937e+00 8.1354623e+00 8.8579582e+00 9.0698037e+00 9.0452684e+00 8.9224483e+00 8.7593190e+00
6.7211098e+00 8.1580953e+00 8.8709662e+00 9.0764332e+00 9.0486738e+00 8.9242894e+00 8.7603756e+00
6.7488510e+00 8.1805668e+00 8.8838032e+00 9.0829548e+00 9.0520189e+00 8.9260967e+00 8.7614125e+00
6.7766141e+00 8.2028748e+00 8.8964701e+00 9.0893699e+00 9.0553046e+00 8.9278707e+00 8.7624300e+00
6.8043961e+00 8.2250177e+00 8.9089680e+00 9.0956801e+00 9.0585320e+00 8.9296121e+00 8.7634285e+00
6.8321939e+00 8.2469935e+00 8.9212981e+00 9.1018866e+00 9.0617019e+00 8.9313215e+00 8.7644083e+00
6.8600041e+00 8.2688007e+00 8.9334615e+00 9.1079909e+00 9.0648153e+00 8.9329993e+00 8.7653698e+00
6.8878238e+00 8.2904377e+00 8.9454594e+00 9.1139943e+00 9.0678732e+00 8.9346461e+00 8.7663132e+00
6.9156495e+00 8.3119029e+00 8.9572930e+00 9.1198982e+00 9.0708764e+00 8.9362625e+00 8.7672389e+00
6.9434780e+00 8.3331949e+00 8.9689635e+00 9.1257040e+00 9.0738259e+00 8.9378491e+00 8.7681473e+00
6.9713061e+00 8.3543123e+00 8.9804721e+00 9.1314131e+00 9.0767225e+00 8.9394062e+00 8.7690386e+00
6.9991304e+00 8.3752537e+00 8.9918202e+00 9.1370268e+00 9.0795671e+00 8.9409346e+00 8.7699132e+00
7.0269475e+00 8.3960179e+00 9.0030089e+00 9.1425464e+00 9.0823606e+00 8.9424346e+00 8.7707713e+00
7.0547542e+00 8.4166036e+00 9.0140397e+00 9.1479733e+00 9.0851038e+00 8.9439069e+00 8.7716134e+00
7.0825470e+00 8.4370099e+00 9.0249139e+00 9.1533089e+00 9.0877976e+00 8.9453518e+00 8.7724396e+00
7.1103226e+00 8.4572357e+00 9.0356328e+00 9.1585543e+00 9.0904428e+00 8.9467699e+00 8.7732502e+00
7.1380776e+00 8.4772799e+00 9.0461978e+00 9.1637110e+00 9.0930402e+00 8.9481617e+00 8.7740456e+00
7.1658085e+00 8.4971416e+00 9.0566103e+00 9.1687802e+00 9.0955907e+00 8.9495276e+00 8.7748261e+00
7.1935118e+00 8.5168201e+00 9.0668716e+00 9.1737632e+00 9.0980950e+00 8.9508681e+00 8.7755919e+00
7.2211843e+00 8.5363146e+00 9.0769833e+00 9.1786613e+00 9.1005540e+00 8.9521837e+00 8.7763433e+00
7.2488223e+00 8.5556244e+00 9.0869468e+00 9.1834758e+00 9.1029684e+00 8.9534749e+00 8.7770805e+00
7.2764226e+00 8.5747487e+00 9.0967634e+00 9.1882079e+00 9.1053389e+00 8.9547420e+00 8.7778039e+00
7.3039815e+00 8.5936872e+00 9.1064348e+00 9.1928589e+00 9.1076665e+00 8.9559855e+00 8.7785136e+00
7.3314957e+00 8.6124393e+00 9.1159622e+00 9.1974300e+00 9.1099517e+00 8.9572059e+00 8.7792101e+00
7.3589617e+00 8.6310046e+00 9.1253473e+00 9.2019224e+00 9.1121953e+00 8.9584036e+00 8.7798934e+00
7.3863761e+00 8.6493827e+00 9.1345916e+00 9.2063373e+00 9.1143982e+00 8.9595790e+00 8.7805639e+00
7.4137354e+00 8.6675734e+00 9.1436965e+00 9.2106761e+00 9.1165609e+00 8.9607325e+00 8.7812218e+00
7.4411050e+00 8.6857563e+00 9.1528347e+00 9.2150698e+00 9.1187791e+00 8.9619344e+00 8.7819201e+00
7.4683380e+00 8.7035507e+00 9.1616444e+00 9.2192432e+00 9.1208517e+00 8.9630365e+00 8.7825468e+00
7.4955053e+00 8.7211576e+00 9.1703200e+00 9.2233447e+00 9.1228869e+00 8.9641184e+00 8.7831620e+00
7.5226034e+00 8.7385770e+00 9.1788630e+00 9.2273751e+00 9.1248852e+00 8.9651803e+00 8.7837658e+00
7.5496290e+00 8.7558086e+00 9.1872747e+00 9.2313355e+00 9.1268471e+00 8.9662226e+00 8.7843584e+00
7.5765785e+00 8.7728524e+00 9.1955565e+00 9.2352271e+00 9.1287734e+00 8.9672456e+00 8.7849400e+00
7.6034487e+00 8.7897086e+00 9.2037099e+00 9.2390507e+00 9.1306645e+00 8.9682497e+00 8.7855107e+00
7.6302362e+00 8.8063771e+00 9.2117362e+00 9.2428074e+00 9.1325210e+00 8.9692350e+00 8.7860708e+00
7.6569375e+00 8.8228582e+00 9.2196369e+00 9.2464982e+00 9.1343435e+00 8.9702020e+00 8.7866203e+00
7.6835494e+00 8.8391521e+00 9.2274135e+00 9.2501242e+00 9.1361327e+00 8.9711510e+00 8.7871596e+00
7.7100685e+00 8.8552591e+00 9.2350674e+00 9.2536864e+00 9.1378890e+00 8.9720823e+00 8.7876887e+00
7.7364917e+00 8.8711796e+00 9.2426000e+00 9.2571857e+00 9.1396130e+00 8.9729962e+00 8.7882079e+00
7.7628156e+00 8.8869139e+00 9.2500129e+00 9.2606231e+00 9.1413052e+00 8.9738929e+00 8.7887174e+00
7.7890371e+00 8.9024625e+00 9.2573075e+00 9.2639996e+00 9.1429663e+00 8.9747729e+00 8.7892172e+00
7.8151530e+00 8.9178260e+00 9.2644852e+00 9.2673163e+00 9.1445968e+00 8.9756364e+00 8.7897076e+00
7.8411601e+00 8.9330049e+00 9.2715475e+00 9.2705740e+00 9.1461971e+00 8.9764838e+00 8.7901888e+00
7.8670554e+00 8.9479999e+00 9.2784959e+00 9.2737737e+00 9.1477679e+00 8.9773152e+00 8.7906609e+00
7.8928357e+00 8.9628115e+00 9.2853319e+00 9.2769164e+00 9.1493096e+00 8.9781310e+00 8.7911241e+00
7.9184981e+00 8.9774405e+00 9.2920568e+00 9.2800029e+00 9.1508227e+00 8.9789315e+00 8.7915785e+00
7.9440396e+00 8.9918878e+00 9.2986721e+00 9.2830343e+00 9.1523078e+00 8.9797169e+00 8.7920243e+00
7.9694573e+00 9.0061540e+00 9.3051793e+00 9.2860113e+00 9.1537654e+00 8.9804875e+00 8.7924618e+00
7.9947482e+00 9.0202400e+00 9.3115797e+00 9.2889350e+00 9.1551959e+00 8.9812437e+00 8.7928909e+00
8.0199095e+00 9.0341467e+00 9.3178749e+00 9.2918061e+00 9.1565998e+00 8.9819856e+00 8.7933119e+00
8.0449385e+00 9.0478751e+00 9.3240663e+00 9.2946256e+00 9.1579777e+00 8.9827135e+00 8.7937249e+00
8.0698324e+00 9.0614260e+00 9.3301552e+00 9.2973943e+00 9.1593299e+00 8.9834278e+00 8.7941301e+00
8.0945885e+00 9.0748006e+00 9.3361431e+00 9.3001131e+00 9.1606569e+00 8.9841285e+00 8.7945277e+00
8.1192043e+00 9.0879997e+00 9.3420313e+00 9.3027828e+00 9.1619593e+00 8.9848161e+00 8.7949177e+00
8.1436770e+00 9.1010246e+00 9.3478213e+00 9.3054042e+00 9.1632373e+00 8.9854907e+00 8.7953003e+00
8.1680043e+00 9.1138763e+00 9.3535144e+00 9.3079782e+00 9.1644916e+00 8.9861525e+00 8.7956757e+00
8.1921836e+00 9.1265560e+00 9.3591120e+00 9.3105056e+00 9.1657224e+00 8.9868019e+00 8.7960440e+00
8.2162126e+00 9.1390647e+00 9.3646155e+00 9.3129872e+00 9.1669303e+00 8.9874390e+00 8.7964053e+00
8.2400889e+00 9.1514038e+00 9.3700263e+00 9.3154237e+00 9.1681156e+00 8.9880641e+00 8.7967597e+00
8.2638102e+00 9.1635744e+00 9.3753455e+00 9.3178159e+00 9.1692788e+00 8.9886774e+00 8.7971074e+00
8.2873745e+00 9.1755778e+00 9.3805747e+00 9.3201646e+00 9.1704203e+00 8.9892791e+00 8.7974486e+00
8.3107794e+00 9.1874153e+00 9.3857152e+00 9.3224706e+00 9.1715405e+00 8.9898695e+00 8.7977833e+00
8.3340230e+00 9.1990882e+00 9.3907681e+00 9.3247346e+00 9.1726397e+00 8.9904487e+00 8.7981116e+00
8.3571032e+00 9.2105978e+00 9.3957349e+00 9.3269573e+00 9.1737184e+00 8.9910170e+00 8.7984338e+00
8.3800181e+00 9.2219454e+00 9.4006169e+00 9.3291394e+00 9.1747769e+00 8.9915746e+00 8.7987499e+00
8.4027659e+00 9.2331325e+00 9.4054153e+00 9.3312818e+00 9.1758156e+00 8.9921217e+00 8.7990600e+00
8.4253447e+00 9.2441605e+00 9.4101314e+00 9.3333850e+00 9.1768350e+00 8.9926585e+00 8.7993642e+00
8.4477528e+00 9.2550307e+00 9.4147664e+00 9.3354497e+00 9.1778353e+00 8.9931852e+00 8.7996628e+00
8.4699886e+00 9.2657447e+00 9.4193217e+00 9.3374768e+00 9.1788169e+00 8.9937020e+00 8.7999557e+00
8.4922002e+00 9.2764717e+00 9.4239233e+00 9.3395533e+00 9.1798409e+00 8.9942530e+00 8.8002759e+00
8.5140690e+00 9.2868558e+00 9.4283062e+00 9.3414953e+00 9.1807781e+00 8.9947447e+00 8.8005535e+00
8.5357611e+00 9.2970887e+00 9.4326137e+00 9.3434021e+00 9.1816980e+00 8.9952273e+00 8.8008260e+00
8.5572750e+00 9.3071717e+00 9.4368467e+00 9.3452741e+00 9.1826009e+00 8.9957009e+00 8.8010935e+00
8.5786092e+00 9.3171062e+00 9.4410064e+00 9.3471120e+00 9.1834871e+00 8.9961658e+00 8.8013560e+00
8.5997624e+00 9.3268936e+00 9.4450939e+00 9.3489163e+00 9.1843567e+00 8.9966219e+00 8.8016136e+00
8.6207335e+00 9.3365352e+00 9.4491102e+00 9.3506875e+00 9.1852102e+00 8.9970696e+00 8.8018665e+00
8.6415211e+00 9.3460325e+00 9.4530564e+00 9.3524262e+00 9.1860478e+00 8.9975089e+00 8.8021146e+00
8.6621243e+00 9.3553870e+00 9.4569335e+00 9.3541330e+00 9.1868697e+00 8.9979399e+00 8.8023581e+00
8.6825419e+00 9.3646001e+00 9.4607427e+00 9.3558084e+00 9.1876762e+00 8.9983628e+00 8.8025970e+00
8.7027731e+00 9.3736733e+00 9.4644850e+00 9.3574529e+00 9.1884677e+00 8.9987778e+00 8.8028314e+00
8.7228170e+00 9.3826081e+00 9.4681613e+00 9.3590671e+00 9.1892443e+00 8.9991850e+00 8.8030614e+00
8.7426728e+00 9.3914060e+00 9.4717729e+00 9.3606514e+00 9.1900063e+00 8.9995845e+00 8.8032871e+00
8.7623398e+00 9.4000685e+00 9.4753206e+00 9.3622065e+00 9.1907540e+00 8.9999765e+00 8.8035086e+00
8.7818172e+00 9.4085971e+00 9.4788055e+00 9.3637328e+00 9.1914877e+00 9.0003610e+00 8.8037258e+00
8.8011046e+00 9.4169932e+00 9.4822286e+00 9.3652308e+00 9.1922076e+00 9.0007384e+00 8.8039390e+00
8.8202014e+00 9.4252585e+00 9.4855909e+00 9.3667010e+00 9.1929139e+00 9.0011085e+00 8.8041481e+00
8.8391071e+00 9.4333945e+00 9.4888934e+00 9.3681440e+00 9.1936070e+00 9.0014717e+00 8.8043533e+00
8.8578214e+00 9.4414026e+00 9.4921370e+00 9.3695601e+00 9.1942869e+00 9.0018280e+00 8.8045546e+00
8.8763440e+00 9.4492844e+00 9.4953228e+00 9.3709499e+00 9.1949541e+00 9.0021776e+00 8.8047521e+00
8.8946746e+00 9.4570414e+00 9.4984516e+00 9.3723139e+00 9.1956087e+00 9.0025205e+00 8.8049458e+00
8.9128130e+00 9.4646752e+00 9.5015243e+00 9.3736525e+00 9.1962509e+00 9.0028570e+00 8.8051359e+00
8.9307591e+00 9.4721872e+00 9.5045420e+00 9.3749662e+00 9.1968810e+00 9.0031871e+00 8.8053224e+00
8.9485129e+00 9.4795789e+00 9.5075056e+00 9.3762553e+00 9.1974992e+00 9.0035109e+00 8.8055053e+00
8.9660743e+00 9.4868520e+00 9.5104158e+00 9.3775205e+00 9.1981058e+00 9.0038286e+00 8.8056848e+00
8.9834435e+00 9.4940078e+00 9.5132737e+00 9.3787620e+00 9.1987008e+00 9.0041402e+00 8.8058609e+00
9.0006206e+00 9.5010479e+00 9.5160801e+00 9.3799803e+00 9.1992847e+00 9.0044460e+00 8.8060336e+00
9.0176057e+00 9.5079738e+00 9.5188358e+00 9.3811759e+00 9.1998575e+00 9.0047460e+00 8.8062031e+00
9.0343991e+00 9.5147870e+00 9.5215418e+00 9.3823492e+00 9.2004195e+00 9.0050402e+00 8.8063694e+00
9.0510012e+00 9.5214889e+00 9.5241988e+00 9.3835005e+00 9.2009708e+00 9.0053289e+00 8.8065325e+00
9.0674122e+00 9.5280811e+00 9.5268078e+00 9.3846303e+00 9.2015117e+00 9.0056121e+00 8.8066925e+00
9.0836326e+00 9.5345651e+00 9.5293694e+00 9.3857390e+00 9.2020424e+00 9.0058900e+00 8.8068495e+00
9.0996629e+00 9.5409422e+00 9.5318846e+00 9.3868269e+00 9.2025631e+00 9.0061626e+00 8.8070035e+00
9.1155036e+00 9.5472140e+00 9.5343541e+00 9.3878945e+00 9.2030740e+00 9.0064300e+00 8.8071546e+00
9.1311552e+00 9.5533819e+00 9.5367788e+00 9.3889420e+00 9.2035752e+00 9.0066924e+00 8.8073029e+00
9.1466185e+00 9.5594474e+00 9.5391594e+00 9.3899700e+00 9.2040669e+00 9.0069498e+00 8.8074483e+00
9.1618940e+00 9.5654119e+00 9.5414966e+00 9.3909787e+00 9.2045493e+00 9.0072024e+00 8.8075911e+00
9.1769826e+00 9.5712769e+00 9.5437913e+00 9.3919686e+00 9.2050227e+00 9.0074501e+00 8.8077311e+00
9.1918849e+00 9.5770437e+00 9.5460441e+00 9.3929399e+00 9.2054871e+00 9.0076932e+00 8.8078685e+00
9.2066019e+00 9.5827138e+00 9.5482559e+00 9.3938931e+00 9.2059428e+00 9.0079318e+00 8.8080033e+00
9.2211345e+00 9.5882886e+00 9.5504274e+00 9.3948285e+00 9.2063899e+00 9.0081658e+00 8.8081356e+00
9.2356703e+00 9.5939138e+00 9.5526543e+00 9.3958094e+00 9.2068721e+00 9.0084268e+00 8.8082888e+00
9.2498139e+00 9.5992839e+00 9.5547350e+00 9.3967020e+00 9.2072969e+00 9.0086480e+00 8.8084131e+00
9.2637766e+00 9.6045635e+00 9.5567780e+00 9.3975781e+00 9.2077139e+00 9.0088653e+00 8.8085353e+00
9.2775591e+00 9.6097540e+00 9.5587839e+00 9.3984380e+00 9.2081232e+00 9.0090786e+00 8.8086552e+00
9.2911625e+00 9.6148564e+00 9.5607532e+00 9.3992819e+00 9.2085248e+00 9.0092879e+00 8.8087730e+00
9.3045876e+00 9.6198721e+00 9.5626867e+00 9.4001102e+00 9.2089190e+00 9.0094934e+00 8.8088886e+00
9.3178355e+00 9.6248023e+00 9.5645848e+00 9.4009230e+00 9.2093059e+00 9.0096950e+00 8.8090021e+00
9.3309072e+00 9.6296481e+00 9.5664481e+00 9.4017207e+00 9.2096855e+00 9.0098929e+00 8.8091134e+00
9.3438039e+00 9.6344109e+00 9.5682773e+00 9.4025034e+00 9.2100580e+00 9.0100871e+00 8.8092228e+00
9.3565267e+00 9.6390918e+00 9.5700729e+00 9.4032715e+00 9.2104235e+00 9.0102777e+00 8.8093301e+00
9.3690768e+00 9.6436921e+00 9.5718355e+00 9.4040253e+00 9.2107821e+00 9.0104647e+00 8.8094353e+00
9.3814554e+00 9.6482128e+00 9.5735656e+00 9.4047648e+00 9.2111340e+00 9.0106482e+00 8.8095387e+00
9.3936638e+00 9.6526554e+00 9.5752638e+00 9.4054906e+00 9.2114793e+00 9.0108283e+00 8.8096401e+00
9.4057031e+00 9.6570208e+00 9.5769307e+00 9.4062026e+00 9.2118180e+00 9.0110049e+00 8.8097396e+00
9.4175748e+00 9.6613103e+00 9.5785668e+00 9.4069013e+00 9.2121504e+00 9.0111783e+00 8.8098372e+00
9.4292801e+00 9.6655251e+00 9.5801726e+00 9.4075869e+00 9.2124765e+00 9.0113483e+00 8.8099330e+00
9.4408203e+00 9.6696664e+00 9.5817487e+00 9.4082595e+00 9.2127964e+00 9.0115152e+00 8.8100270e+00
9.4521970e+00 9.6737351e+00 9.5832956e+00 9.4089194e+00 9.2131103e+00 9.0116789e+00 8.8101193e+00
9.4634113e+00 9.6777326e+00 9.5848138e+00 9.4095670e+00 9.2134182e+00 9.0118395e+00 8.8102098e+00
9.4744649e+00 9.6816598e+00 9.5863038e+00 9.4102023e+00 9.2137203e+00 9.0119971e+00 8.8102986e+00
9.4853590e+00 9.6855180e+00 9.5877662e+00 9.4108256e+00 9.2140167e+00 9.0121517e+00 8.8103857e+00
9.4960952e+00 9.6893082e+00 9.5892014e+00 9.4114371e+00 9.2143075e+00 9.0123034e+00 8.8104712e+00
9.5066748e+00 9.6930315e+00 9.5906099e+00 9.4120371e+00 9.2145928e+00 9.0124522e+00 8.8105551e+00
9.5170995e+00 9.6966889e+00 9.5919922e+00 9.4126258e+00 9.2148726e+00 9.0125982e+00 8.8106374e+00
9.5273706e+00 9.7002816e+00 9.5933487e+00 9.4132033e+00 9.2151472e+00 9.0127415e+00 8.8107182e+00
9.5374897e+00 9.7038105e+00 9.5946800e+00 9.4137699e+00 9.2154165e+00 9.0128820e+00 8.8107974e+00
9.5474583e+00 9.7072768e+00 9.5959864e+00 9.4143258e+00 9.2156808e+00 9.0130199e+00 8.8108751e+00
9.5572779e+00 9.7106814e+00 9.5972685e+00 9.4148712e+00 9.2159400e+00 9.0131551e+00 8.8109514e+00
9.5669501e+00 9.7140253e+00 9.5985267e+00 9.4154063e+00 9.2161943e+00 9.0132878e+00 8.8110262e+00
9.5764764e+00 9.7173095e+00 9.5997613e+00 9.4159313e+00 9.2164438e+00 9.0134180e+00 8.8110996e+00
9.5858583e+00 9.7205351e+00 9.6009729e+00 9.4164463e+00 9.2166886e+00 9.0135457e+00 8.8111717e+00
9.5950974e+00 9.7237030e+00 9.6021619e+00 9.4169516e+00 9.2169287e+00 9.0136710e+00 8.8112423e+00
9.6041953e+00 9.7268141e+00 9.6033286e+00 9.4174473e+00 9.2171643e+00 9.0137939e+00 8.8113117e+00
9.6131536e+00 9.7298694e+00 9.6044735e+00 9.4179337e+00 9.2173954e+00 9.0139146e+00 8.8113797e+00
9.6219738e+00 9.7328699e+00 9.6055970e+00 9.4184108e+00 9.2176221e+00 9.0140329e+00 8.8114465e+00
9.6306575e+00 9.7358165e+00 9.6066995e+00 9.4188790e+00 9.2178446e+00 9.0141490e+00 8.8115120e+00
9.6392063e+00 9.7387100e+00 9.6077814e+00 9.4193383e+00 9.2180628e+00 9.0142630e+00 8.8115763e+00
9.6476217e+00 9.7415514e+00 9.6088431e+00 9.4197889e+00 9.2182770e+00 9.0143747e+00 8.8116394e+00
9.6559055e+00 9.7443416e+00 9.6098849e+00 9.4202311e+00 9.2184871e+00 9.0144844e+00 8.8117014e+00
9.6640591e+00 9.7470815e+00 9.6109072e+00 9.4206649e+00 9.2186932e+00 9.0145921e+00 8.8117621e+00
9.6720842e+00 9.7497719e+00 9.6119104e+00 9.4210905e+00 9.2188955e+00 9.0146977e+00 8.8118218e+00
9.6801572e+00 9.7525253e+00 9.6129644e+00 9.4215534e+00 9.2191249e+00 9.0148235e+00 8.8118968e+00
9.6879087e+00 9.7551056e+00 9.6139218e+00 9.4219575e+00 9.2193158e+00 9.0149225e+00 8.8119522e+00
9.6955373e+00 9.7576395e+00 9.6148616e+00 9.4223542e+00 9.2195032e+00 9.0150197e+00 8.8120067e+00
9.7030444e+00 9.7601279e+00 9.6157840e+00 9.4227435e+00 9.2196872e+00 9.0151151e+00 8.8120601e+00
9.7104314e+00 9.7625713e+00 9.6166894e+00 9.4231257e+00 9.2198678e+00 9.0152089e+00 8.8121127e+00
9.7176997e+00 9.7649706e+00 9.6175779e+00 9.4235008e+00 9.2200451e+00 9.0153009e+00 8.8121643e+00
9.7248508e+00 9.7673265e+00 9.6184499e+00 9.4238688e+00 9.2202191e+00 9.0153912e+00 8.8122150e+00
9.7318862e+00 9.7696396e+00 9.6193057e+00 9.4242300e+00 9.2203899e+00 9.0154800e+00 8.8122648e+00
9.7388072e+00 9.7719106e+00 9.6201455e+00 9.4245845e+00 9.2205576e+00 9.0155670e+00 8.8123137e+00
9.7456155e+00 9.7741404e+00 9.6209696e+00 9.4249323e+00 9.2207220e+00 9.0156525e+00 8.8123617e+00
9.7523123e+00 9.7763294e+00 9.6217783e+00 9.4252735e+00 9.2208835e+00 9.0157364e+00 8.8124088e+00
9.7588992e+00 9.7784785e+00 9.6225718e+00 9.4256084e+00 9.2210419e+00 9.0158187e+00 8.8124550e+00
9.7653777e+00 9.7805882e+00 9.6233504e+00 9.4259369e+00 9.2211973e+00 9.0158995e+00 8.8125004e+00
9.7717492e+00 9.7826594e+00 9.6241145e+00 9.4262593e+00 9.2213498e+00 9.0159788e+00 8.8125450e+00
9.7780151e+00 9.7846926e+00 9.6248641e+00 9.4265755e+00 9.2214995e+00 9.0160566e+00 8.8125887e+00
9.7841769e+00 9.7866884e+00 9.6255997e+00 9.4268858e+00 9.2216463e+00 9.0161330e+00 8.8126316e+00
9.7902360e+00 9.7886477e+00 9.6263214e+00 9.4271903e+00 9.2217904e+00 9.0162079e+00 8.8126738e+00
9.7961938e+00 9.7905708e+00 9.6270296e+00 9.4274890e+00 9.2219317e+00 9.0162814e+00 8.8127151e+00
9.8020518e+00 9.7924586e+00 9.6277244e+00 9.4277820e+00 9.2220704e+00 9.0163536e+00 8.8127557e+00
9.8078113e+00 9.7943116e+00 9.6284061e+00 9.4280695e+00 9.2222065e+00 9.0164243e+00 8.8127955e+00
9.8134738e+00 9.7961304e+00 9.6290749e+00 9.4283515e+00 9.2223399e+00 9.0164938e+00 8.8128346e+00
9.8190407e+00 9.7979156e+00 9.6297312e+00 9.4286282e+00 9.2224709e+00 9.0165620e+00 8.8128729e+00
9.8245133e+00 9.7996679e+00 9.6303750e+00 9.4288997e+00 9.2225994e+00 9.0166288e+00 8.8129106e+00
9.8298930e+00 9.8013877e+00 9.6310067e+00 9.4291660e+00 9.2227255e+00 9.0166945e+00 8.8129475e+00
9.8351812e+00 9.8030758e+00 9.6316264e+00 9.4294273e+00 9.2228492e+00 9.0167589e+00 8.8129838e+00
9.8403791e+00 9.8047325e+00 9.6322345e+00 9.4296836e+00 9.2229705e+00 9.0168220e+00 8.8130193e+00
9.8454882e+00 9.8063586e+00 9.6328310e+00 9.4299350e+00 9.2230896e+00 9.0168840e+00 8.8130542e+00
9.8505098e+00 9.8079545e+00 9.6334163e+00 9.4301817e+00 9.2232064e+00 9.0169448e+00 8.8130885e+00
9.8554451e+00 9.8095208e+00 9.6339905e+00 9.4304237e+00 9.2233210e+00 9.0170045e+00 8.8131221e+00
9.8602956e+00 9.8110581e+00 9.6345539e+00 9.4306611e+00 9.2234334e+00 9.0170631e+00 8.8131551e+00
9.8650624e+00 9.8125667e+00 9.6351066e+00 9.4308940e+00 9.2235437e+00 9.0171205e+00 8.8131875e+00
9.8697468e+00 9.8140474e+00 9.6356488e+00 9.4311226e+00 9.2236519e+00 9.0171769e+00 8.8132192e+00
9.8743502e+00 9.8155005e+00 9.6361808e+00 9.4313467e+00 9.2237581e+00 9.0172322e+00 8.8132504e+00
9.8788737e+00 9.8169266e+00 9.6367028e+00 9.4315667e+00 9.2238623e+00 9.0172865e+00 8.8132810e+00
9.8833186e+00 9.8183261e+00 9.6372149e+00 9.4317824e+00 9.2239645e+00 9.0173398e+00 8.8133111e+00
9.8876861e+00 9.8196996e+00 9.6377173e+00 9.4319941e+00 9.2240648e+00 9.0173921e+00 8.8133405e+00
9.8919776e+00 9.8210476e+00 9.6382102e+00 9.4322018e+00 9.2241632e+00 9.0174434e+00 8.8133695e+00
9.8961940e+00 9.8223704e+00 9.6386938e+00 9.4324056e+00 9.2242597e+00 9.0174937e+00 8.8133979e+00
9.9003368e+00 9.8236686e+00 9.6391683e+00 9.4326055e+00 9.2243545e+00 9.0175431e+00 8.8134258e+00
9.9044069e+00 9.8249427e+00 9.6396338e+00 9.4328017e+00 9.2244474e+00 9.0175916e+00 8.8134531e+00
9.9084057e+00 9.8261930e+00 9.6400906e+00 9.4329942e+00 9.2245387e+00 9.0176392e+00 8.8134800e+00
9.9123343e+00 9.8274201e+00 9.6405388e+00 9.4331830e+00 9.2246282e+00 9.0176860e+00 8.8135064e+00
9.9163180e+00 9.8286964e+00 9.6410222e+00 9.4333965e+00 9.2247353e+00 9.0177456e+00 8.8135425e+00
9.9200935e+00 9.8298688e+00 9.6414480e+00 9.4335747e+00 9.2248191e+00 9.0177888e+00 8.8135666e+00
9.9238027e+00 9.8310196e+00 9.6418659e+00 9.4337496e+00 9.2249013e+00 9.0178313e+00 8.8135904e+00
9.9274467e+00 9.8321491e+00 9.6422761e+00 9.4339214e+00 9.2249821e+00 9.0178731e+00 8.8136137e+00
9.9310265e+00 9.8332578e+00 9.6426786e+00 9.4340899e+00 9.2250614e+00 9.0179141e+00 8.8136366e+00
9.9345431e+00 9.8343459e+00 9.6430737e+00 9.4342554e+00 9.2251393e+00 9.0179544e+00 8.8136591e+00
9.9379973e+00 9.8354138e+00 9.6434614e+00 9.4344178e+00 9.2252158e+00 9.0179940e+00 8.8136813e+00
9.9413902e+00 9.8364619e+00 9.6438418e+00 9.4345772e+00 9.2252909e+00 9.0180328e+00 8.8137030e+00
9.9447228e+00 9.8374904e+00 9.6442152e+00 9.4347337e+00 9.2253645e+00 9.0180710e+00 8.8137244e+00
9.9479960e+00 9.8384997e+00 9.6445815e+00 9.4348872e+00 9.2254369e+00 9.0181085e+00 8.8137454e+00
9.9512108e+00 9.8394902e+00 9.6449409e+00 9.4350378e+00 9.2255079e+00 9.0181453e+00 8.8137660e+00
9.9543681e+00 9.8404621e+00 9.6452936e+00 9.4351856e+00 9.2255776e+00 9.0181814e+00 8.8137862e+00
9.9574688e+00 9.8414159e+00 9.6456396e+00 9.4353307e+00 9.2256460e+00 9.0182169e+00 8.8138061e+00
9.9605139e+00 9.8423518e+00 9.6459791e+00 9.4354730e+00 9.2257131e+00 9.0182517e+00 8.8138256e+00
9.9635043e+00 9.8432701e+00 9.6463122e+00 9.4356127e+00 9.2257790e+00 9.0182859e+00 8.8138448e+00
9.9664408e+00 9.8441712e+00 9.6466390e+00 9.4357497e+00 9.2258436e+00 9.0183194e+00 8.8138636e+00
9.9693245e+00 9.8450554e+00 9.6469596e+00 9.4358842e+00 9.2259070e+00 9.0183523e+00 8.8138821e+00
9.9721561e+00 9.8459230e+00 9.6472741e+00 9.4360161e+00 9.2259693e+00 9.0183847e+00 8.8139003e+00
9.9749365e+00 9.8467743e+00 9.6475828e+00 9.4361455e+00 9.2260304e+00 9.0184164e+00 8.8139181e+00
9.9776666e+00 9.8476096e+00 9.6478855e+00 9.4362725e+00 9.2260903e+00 9.0184475e+00 8.8139356e+00
9.9803473e+00 9.8484291e+00 9.6481825e+00 9.4363971e+00 9.2261491e+00 9.0184781e+00 8.8139527e+00
9.9829794e+00 9.8492332e+00 9.6484739e+00 9.4365193e+00 9.2262068e+00 9.0185080e+00 8.8139696e+00
9.9855636e+00 9.8500222e+00 9.6487598e+00 9.4366392e+00 9.2262635e+00 9.0185375e+00 8.8139861e+00
9.9881009e+00 9.8507963e+00 9.6490403e+00 9.4367569e+00 9.2263190e+00 9.0185664e+00 8.8140024e+00
9.9905920e+00 9.8515558e+00 9.6493154e+00 9.4368723e+00 9.2263736e+00 9.0185947e+00 8.8140183e+00
9.9930377e+00 9.8523010e+00 9.6495853e+00 9.4369856e+00 9.2264271e+00 9.0186225e+00 8.8140339e+00
9.9954388e+00 9.8530321e+00 9.6498502e+00 9.4370967e+00 9.2264796e+00 9.0186498e+00 8.8140493e+00
9.9977961e+00 9.8537494e+00 9.6501099e+00 9.4372057e+00 9.2265311e+00 9.0186766e+00 8.8140644e+00
1.0000110e+01 9.8544532e+00 9.6503648e+00 9.4373127e+00 9.2265816e+00 9.0187029e+00 8.8140792e+00
1.0002382e+01 9.8551438e+00 9.6506148e+00 9.4374176e+00 9.2266312e+00 9.0187287e+00 8.8140937e+00
1.0004613e+01 9.8558212e+00 9.6508601e+00 9.4375205e+00 9.2266799e+00 9.0187541e+00 8.8141080e+00
1.0006802e+01 9.8564859e+00 9.6511008e+00 9.4376216e+00 9.2267277e+00 9.0187789e+00 8.8141220e+00
1.0008951e+01 9.8571381e+00 9.6513369e+00 9.4377207e+00 9.2267745e+00 9.0188033e+00 8.8141357e+00
1.0011061e+01 9.8577779e+00 9.6515685e+00 9.4378179e+00 9.2268205e+00 9.0188273e+00 8.8141492e+00
1.0013132e+01 9.8584057e+00 9.6517957e+00 9.4379133e+00 9.2268657e+00 9.0188508e+00 8.8141625e+00
1.0015166e+01 9.8590216e+00 9.6520187e+00 9.4380069e+00 9.2269100e+00 9.0188739e+00 8.8141755e+00
1.0017161e+01 9.8596260e+00 9.6522374e+00 9.4380988e+00 9.2269534e+00 9.0188965e+00 8.8141883e+00
1.0019120e+01 9.8602189e+00 9.6524520e+00 9.4381889e+00 9.2269961e+00 9.0189188e+00 8.8142008e+00
1.0021043e+01 9.8608006e+00 9.6526625e+00 9.4382774e+00 9.2270380e+00 9.0189406e+00 8.8142132e+00
1.0022931e+01 9.8613714e+00 9.6528691e+00 9.4383642e+00 9.2270791e+00 9.0189621e+00 8.8142253e+00
1.0024784e+01 9.8619315e+00 9.6530719e+00 9.4384494e+00 9.2271195e+00 9.0189831e+00 8.8142372e+00
1.0026696e+01 9.8625330e+00 9.6533019e+00 9.4385530e+00 9.2271727e+00 9.0190135e+00 8.8142561e+00
1.0028470e+01 9.8630657e+00 9.6534931e+00 9.4386325e+00 9.2272099e+00 9.0190326e+00 8.8142667e+00
1.0030211e+01 9.8635885e+00 9.6536809e+00 9.4387106e+00 9.2272464e+00 9.0190514e+00 8.8142771e+00
1.0031921e+01 9.8641017e+00 9.6538653e+00 9.4387874e+00 9.2272824e+00 9.0190699e+00 8.8142873e+00
1.0033599e+01 9.8646053e+00 9.6540463e+00 9.4388627e+00 9.2273177e+00 9.0190881e+00 8.8142974e+00
1.0035246e+01 9.8650996e+00 9.6542239e+00 9.4389368e+00 9.2273524e+00 9.0191059e+00 8.8143074e+00
1.0036863e+01 9.8655846e+00 9.6543983e+00 9.4390094e+00 9.2273864e+00 9.0191235e+00 8.8143172e+00
1.0038450e+01 9.8660606e+00 9.6545694e+00 9.4390808e+00 9.2274199e+00 9.0191408e+00 8.8143268e+00
1.0040008e+01 9.8665277e+00 9.6547374e+00 9.4391508e+00 9.2274528e+00 9.0191577e+00 8.8143362e+00
1.0041537e+01 9.8669859e+00 9.6549022e+00 9.4392196e+00 9.2274851e+00 9.0191744e+00 8.8143455e+00
1.0043038e+01 9.8674356e+00 9.6550639e+00 9.4392871e+00 9.2275168e+00 9.0191908e+00 8.8143547e+00
1.0044511e+01 9.8678769e+00 9.6552226e+00 9.4393533e+00 9.2275479e+00 9.0192069e+00 8.8143637e+00
1.0045957e+01 9.8683098e+00 9.6553784e+00 9.4394184e+00 9.2275785e+00 9.0192227e+00 8.8143725e+00
1.0047375e+01 9.8687345e+00 9.6555312e+00 9.4394822e+00 9.2276085e+00 9.0192382e+00 8.8143812e+00
1.0048768e+01 9.8691513e+00 9.6556811e+00 9.4395448e+00 9.2276379e+00 9.0192534e+00 8.8143897e+00
1.0050134e+01 9.8695602e+00 9.6558282e+00 9.4396063e+00 9.2276669e+00 9.0192684e+00 8.8143981e+00
1.0051475e+01 9.8699613e+00 9.6559726e+00 9.4396666e+00 9.2276952e+00 9.0192831e+00 8.8144063e+00
1.0052791e+01 9.8703549e+00 9.6561142e+00 9.4397258e+00 9.2277231e+00 9.0192975e+00 8.8144144e+00
1.0054083e+01 9.8707410e+00 9.6562532e+00 9.4397839e+00 9.2277504e+00 9.0193117e+00 8.8144223e+00
1.0055350e+01 9.8711198e+00 9.6563895e+00 9.4398409e+00 9.2277773e+00 9.0193256e+00 8.8144301e+00
1.0056594e+01 9.8714915e+00 9.6565233e+00 9.4398968e+00 9.2278036e+00 9.0193393e+00 8.8144378e+00
1.0057814e+01 9.8718561e+00 9.6566545e+00 9.4399517e+00 9.2278295e+00 9.0193527e+00 8.8144453e+00
1.0059012e+01 9.8722138e+00 9.6567833e+00 9.4400055e+00 9.2278549e+00 9.0193658e+00 8.8144527e+00
1.0060187e+01 9.8725647e+00 9.6569096e+00 9.4400584e+00 9.2278798e+00 9.0193788e+00 8.8144599e+00
1.0061341e+01 9.8729090e+00 9.6570335e+00 9.4401102e+00 9.2279043e+00 9.0193915e+00 8.8144671e+00
1.0062472e+01 9.8732467e+00 9.6571551e+00 9.4401611e+00 9.2279283e+00 9.0194039e+00 8.8144741e+00
1.0063583e+01 9.8735781e+00 9.6572744e+00 9.4402110e+00 9.2279518e+00 9.0194162e+00 8.8144809e+00
1.0064672e+01 9.8739031e+00 9.6573914e+00 9.4402600e+00 9.2279749e+00 9.0194282e+00 8.8144877e+00
1.0065742e+01 9.8742220e+00 9.6575062e+00 9.4403081e+00 9.2279976e+00 9.0194400e+00 8.8144943e+00
1.0066791e+01 9.8745349e+00 9.6576189e+00 9.4403553e+00 9.2280199e+00 9.0194515e+00 8.8145008e+00
1.0067820e+01 9.8748418e+00 9.6577294e+00 9.4404016e+00 9.2280417e+00 9.0194629e+00 8.8145072e+00
1.0068830e+01 9.8751429e+00 9.6578379e+00 9.4404470e+00 9.2280632e+00 9.0194741e+00 8.8145135e+00
1.0069821e+01 9.8754383e+00 9.6579443e+00 9.4404916e+00 9.2280843e+00 9.0194850e+00 8.8145197e+00
1.0070794e+01 9.8757281e+00 9.6580486e+00 9.4405353e+00 9.2281049e+00 9.0194958e+00 8.8145257e+00
1.0071748e+01 9.8760124e+00 9.6581511e+00 9.4405783e+00 9.2281252e+00 9.0195064e+00 8.8145317e+00
1.0072685e+01 9.8762914e+00 9.6582516e+00 9.4406204e+00 9.2281452e+00 9.0195167e+00 8.8145375e+00
1.0073604e+01 9.8765651e+00 9.6583502e+00 9.4406617e+00 9.2281647e+00 9.0195269e+00 8.8145433e+00
1.0074505e+01 9.8768335e+00 9.6584469e+00 9.4407023e+00 9.2281839e+00 9.0195369e+00 8.8145489e+00
1.0075390e+01 9.8770970e+00 9.6585419e+00 9.4407422e+00 9.2282028e+00 9.0195468e+00 8.8145545e+00
1.0076258e+01 9.8773554e+00 9.6586350e+00 9.4407813e+00 9.2282213e+00 9.0195564e+00 8.8145600e+00
1.0077110e+01 9.8776090e+00 9.6587265e+00 9.4408196e+00 9.2282395e+00 9.0195659e+00 8.8145653e+00
1.0077945e+01 9.8778579e+00 9.6588162e+00 9.4408573e+00 9.2282573e+00 9.0195753e+00 8.8145706e+00
1.0078825e+01 9.8781346e+00 9.6589237e+00 9.4409068e+00 9.2282834e+00 9.0195905e+00 8.8145803e+00
1.0079622e+01 9.8783699e+00 9.6590075e+00 9.4409415e+00 9.2282995e+00 9.0195987e+00 8.8145848e+00
1.0080404e+01 9.8786009e+00 9.6590899e+00 9.4409756e+00 9.2283153e+00 9.0196068e+00 8.8145893e+00
1.0081172e+01 9.8788276e+00 9.6591709e+00 9.4410091e+00 9.2283309e+00 9.0196148e+00 8.8145937e+00
1.0081925e+01 9.8790502e+00 9.6592503e+00 9.4410420e+00 9.2283463e+00 9.0196226e+00 8.8145980e+00
1.0082665e+01 9.8792687e+00 9.6593284e+00 9.4410744e+00 9.2283614e+00 9.0196304e+00 8.8146023e+00
1.0083390e+01 9.8794830e+00 9.6594050e+00 9.4411062e+00 9.2283762e+00 9.0196380e+00 8.8146065e+00
1.0084102e+01 9.8796934e+00 9.6594802e+00 9.4411374e+00 9.2283908e+00 9.0196455e+00 8.8146106e+00
1.0084801e+01 9.8798999e+00 9.6595540e+00 9.4411681e+00 9.2284052e+00 9.0196528e+00 8.8146147e+00
1.0085487e+01 9.8801025e+00 9.6596265e+00 9.4411982e+00 9.2284193e+00 9.0196601e+00 8.8146187e+00
1.0086160e+01 9.8803013e+00 9.6596976e+00 9.4412278e+00 9.2284331e+00 9.0196672e+00 8.8146227e+00
1.0086820e+01 9.8804964e+00 9.6597674e+00 9.4412568e+00 9.2284467e+00 9.0196742e+00 8.8146266e+00
1.0087467e+01 9.8806878e+00 9.6598359e+00 9.4412853e+00 9.2284601e+00 9.0196811e+00 8.8146304e+00
1.0088103e+01 9.8808756e+00 9.6599032e+00 9.4413133e+00 9.2284732e+00 9.0196878e+00 8.8146342e+00
1.0088726e+01 9.8810599e+00 9.6599692e+00 9.4413408e+00 9.2284861e+00 9.0196945e+00 8.8146379e+00
1.0089338e+01 9.8812407e+00 9.6600339e+00 9.4413678e+00 9.2284987e+00 9.0197010e+00 8.8146415e+00
1.0089938e+01 9.8814180e+00 9.6600975e+00 9.4413943e+00 9.2285112e+00 9.0197074e+00 8.8146451e+00
1.0090527e+01 9.8815921e+00 9.6601598e+00 9.4414203e+00 9.2285234e+00 9.0197137e+00 8.8146486e+00
1.0091105e+01 9.8817628e+00 9.6602210e+00 9.4414458e+00 9.2285354e+00 9.0197199e+00 8.8146521e+00
1.0091672e+01 9.8819303e+00 9.6602811e+00 9.4414708e+00 9.2285471e+00 9.0197260e+00 8.8146555e+00
1.0092228e+01 9.8820947e+00 9.6603400e+00 9.4414954e+00 9.2285587e+00 9.0197320e+00 8.8146588e+00
1.0092773e+01 9.8822559e+00 9.6603978e+00 9.4415195e+00 9.2285700e+00 9.0197379e+00 8.8146621e+00
1.0093309e+01 9.8824141e+00 9.6604546e+00 9.4415432e+00 9.2285812e+00 9.0197436e+00 8.8146653e+00
1.0093834e+01 9.8825693e+00 9.6605102e+00 9.4415665e+00 9.2285921e+00 9.0197493e+00 8.8146685e+00
1.0094349e+01 9.8827216e+00 9.6605649e+00 9.4415893e+00 9.2286029e+00 9.0197549e+00 8.8146716e+00
1.0094855e+01 9.8828710e+00 9.6606185e+00 9.4416117e+00 9.2286134e+00 9.0197603e+00 8.8146747e+00
1.0095350e+01 9.8830175e+00 9.6606711e+00 9.4416337e+00 9.2286238e+00 9.0197657e+00 8.8146777e+00
1.0095837e+01 9.8831613e+00 9.6607227e+00 9.4416552e+00 9.2286339e+00 9.0197710e+00 8.8146807e+00
1.0096314e+01 9.8833023e+00 9.6607733e+00 9.4416764e+00 9.2286439e+00 9.0197762e+00 8.8146836e+00
1.0096783e+01 9.8834407e+00 9.6608230e+00 9.4416972e+00 9.2286537e+00 9.0197813e+00 8.8146865e+00
1.0097242e+01 9.8835765e+00 9.6608718e+00 9.4417176e+00 9.2286634e+00 9.0197863e+00 8.8146893e+00
1.0097693e+01 9.8837097e+00 9.6609196e+00 9.4417376e+00 9.2286728e+00 9.0197912e+00 8.8146920e+00
1.0098135e+01 9.8838404e+00 9.6609666e+00 9.4417573e+00 9.2286821e+00 9.0197960e+00 8.8146948e+00
1.0098569e+01 9.8839686e+00 9.6610127e+00 9.4417766e+00 9.2286912e+00 9.0198008e+00 8.8146974e+00
1.0098994e+01 9.8840944e+00 9.6610579e+00 9.4417955e+00 9.2287002e+00 9.0198054e+00 8.8147001e+00
1.0099412e+01 9.8842178e+00 9.6611023e+00 9.4418141e+00 9.2287090e+00 9.0198100e+00 8.8147026e+00
1.0099821e+01 9.8843389e+00 9.6611459e+00 9.4418324e+00 9.2287176e+00 9.0198145e+00 8.8147052e+00
1.0100223e+01 9.8844578e+00 9.6611886e+00 9.4418503e+00 9.2287261e+00 9.0198189e+00 8.8147077e+00
1.0100618e+01 9.8845744e+00 9.6612306e+00 9.4418679e+00 9.2287344e+00 9.0198233e+00 8.8147101e+00
1.0101004e+01 9.8846888e+00 9.6612718e+00 9.4418852e+00 9.2287426e+00 9.0198276e+00 8.8147126e+00
1.0101384e+01 9.8848011e+00 9.6613122e+00 9.4419022e+00 9.2287507e+00 9.0198318e+00 8.8147150e+00
1.0101800e+01 9.8849346e+00 9.6613657e+00 9.4419277e+00 9.2287646e+00 9.0198402e+00 8.8147205e+00
1.0102160e+01 9.8850398e+00 9.6614030e+00 9.4419430e+00 9.2287717e+00 9.0198438e+00 8.8147224e+00
1.0102513e+01 9.8851431e+00 9.6614396e+00 9.4419581e+00 9.2287786e+00 9.0198473e+00 8.8147243e+00
1.0102860e+01 9.8852446e+00 9.6614756e+00 9.4419729e+00 9.2287854e+00 9.0198507e+00 8.8147262e+00
1.0103200e+01 9.8853443e+00 9.6615109e+00 9.4419874e+00 9.2287921e+00 9.0198541e+00 8.8147280e+00
1.0103535e+01 9.8854421e+00 9.6615457e+00 9.4420017e+00 9.2287988e+00 9.0198575e+00 8.8147299e+00
1.0103862e+01 9.8855382e+00 9.6615798e+00 9.4420158e+00 9.2288053e+00 9.0198608e+00 8.8147317e+00
1.0104184e+01 9.8856325e+00 9.6616133e+00 9.4420297e+00 9.2288117e+00 9.0198641e+00 8.8147335e+00
1.0104500e+01 9.8857250e+00 9.6616463e+00 9.4420433e+00 9.2288180e+00 9.0198673e+00 8.8147353e+00
1.0104810e+01 9.8858159e+00 9.6616786e+00 9.4420566e+00 9.2288243e+00 9.0198705e+00 8.8147370e+00
1.0105114e+01 9.8859050e+00 9.6617104e+00 9.4420698e+00 9.2288304e+00 9.0198736e+00 8.8147387e+00
1.0105412e+01 9.8859925e+00 9.6617415e+00 9.4420827e+00 9.2288364e+00 9.0198767e+00 8.8147404e+00
1.0105705e+01 9.8860784e+00 9.6617721e+00 9.4420954e+00 9.2288423e+00 9.0198797e+00 8.8147421e+00
1.0105992e+01 9.8861627e+00 9.6618022e+00 9.4421078e+00 9.2288481e+00 9.0198827e+00 8.8147437e+00
1.0106274e+01 9.8862454e+00 9.6618317e+00 9.4421201e+00 9.2288538e+00 9.0198856e+00 8.8147454e+00
1.0106550e+01 9.8863266e+00 9.6618607e+00 9.4421321e+00 9.2288595e+00 9.0198885e+00 8.8147470e+00
1.0106822e+01 9.8864062e+00 9.6618891e+00 9.4421439e+00 9.2288650e+00 9.0198913e+00 8.8147485e+00
1.0107088e+01 9.8864844e+00 9.6619170e+00 9.4421555e+00 9.2288704e+00 9.0198941e+00 8.8147501e+00
1.0107349e+01 9.8865610e+00 9.6619444e+00 9.4421669e+00 9.2288757e+00 9.0198969e+00 8.8147516e+00
1.0107605e+01 9.8866363e+00 9.6619713e+00 9.4421781e+00 9.2288810e+00 9.0198996e+00 8.8147531e+00
1.0107856e+01 9.8867101e+00 9.6619977e+00 9.4421891e+00 9.2288861e+00 9.0199022e+00 8.8147546e+00
1.0108103e+01 9.8867826e+00 9.6620236e+00 9.4421998e+00 9.2288912e+00 9.0199048e+00 8.8147560e+00
1.0108344e+01 9.8868536e+00 9.6620490e+00 9.4422104e+00 9.2288961e+00 9.0199074e+00 8.8147575e+00
1.0108582e+01 9.8869234e+00 9.6620740e+00 9.4422208e+00 9.2289010e+00 9.0199099e+00 8.8147589e+00
1.0108814e+01 9.8869918e+00 9.6620985e+00 9.4422310e+00 9.2289058e+00 9.0199124e+00 8.8147603e+00
1.0109043e+01 9.8870590e+00 9.6621225e+00 9.4422411e+00 9.2289105e+00 9.0199148e+00 8.8147616e+00
1.0109267e+01 9.8871248e+00 9.6621461e+00 9.4422509e+00 9.2289151e+00 9.0199172e+00 8.8147630e+00
1.0109487e+01 9.8871895e+00 9.6621693e+00 9.4422606e+00 9.2289197e+00 9.0199196e+00 8.8147643e+00
1.0109702e+01 9.8872529e+00 9.6621920e+00 9.4422701e+00 9.2289242e+00 9.0199219e+00 8.8147656e+00
1.0109914e+01 9.8873152e+00 9.6622143e+00 9.4422794e+00 9.2289286e+00 9.0199242e+00 8.8147668e+00
1.0110121e+01 9.8873762e+00 9.6622362e+00 9.4422885e+00 9.2289329e+00 9.0199264e+00 8.8147681e+00
1.0110325e+01 9.8874362e+00 9.6622577e+00 9.4422975e+00 9.2289371e+00 9.0199286e+00 8.8147693e+00
1.0110524e+01 9.8874950e+00 9.6622788e+00 9.4423063e+00 9.2289413e+00 9.0199308e+00 8.8147706e+00
1.0110720e+01 9.8875527e+00 9.6622995e+00 9.4423150e+00 9.2289454e+00 9.0199329e+00 8.8147718e+00
1.0110913e+01 9.8876093e+00 9.6623198e+00 9.4423235e+00 9.2289494e+00 9.0199350e+00 8.8147729e+00
1.0111101e+01 9.8876648e+00 9.6623398e+00 9.4423319e+00 9.2289533e+00 9.0199370e+00 8.8147741e+00
1.0111286e+01 9.8877194e+00 9.6623594e+00 9.4423401e+00 9.2289572e+00 9.0199391e+00 8.8147752e+00
1.0111468e+01 9.8877729e+00 9.6623786e+00 9.4423482e+00 9.2289610e+00 9.0199411e+00 8.8147764e+00
1.0111646e+01 9.8878254e+00 9.6623975e+00 9.4423561e+00 9.2289648e+00 9.0199430e+00 8.8147775e+00
1.0111821e+01 9.8878769e+00 9.6624161e+00 9.4423639e+00 9.2289685e+00 9.0199450e+00 8.8147786e+00
1.0111992e+01 9.8879275e+00 9.6624343e+00 9.4423715e+00 9.2289721e+00 9.0199469e+00 8.8147797e+00
1.0112191e+01 9.8879938e+00 9.6624620e+00 9.4423854e+00 9.2289800e+00 9.0199518e+00 8.8147830e+00
1.0112352e+01 9.8880405e+00 9.6624784e+00 9.4423920e+00 9.2289830e+00 9.0199533e+00 8.8147838e+00
1.0112511e+01 9.8880865e+00 9.6624946e+00 9.4423986e+00 9.2289860e+00 9.0199548e+00 8.8147845e+00
1.0112667e+01 9.8881317e+00 9.6625104e+00 9.4424050e+00 9.2289889e+00 9.0199562e+00 8.8147853e+00
1.0112819e+01 9.8881761e+00 9.6625261e+00 9.4424114e+00 9.2289918e+00 9.0199577e+00 8.8147861e+00
1.0112969e+01 9.8882197e+00 9.6625414e+00 9.4424177e+00 9.2289947e+00 9.0199591e+00 8.8147869e+00
1.0113117e+01 9.8882625e+00 9.6625566e+00 9.4424239e+00 9.2289975e+00 9.0199605e+00 8.8147876e+00
1.0113261e+01 9.8883046e+00 9.6625714e+00 9.4424299e+00 9.2290003e+00 9.0199619e+00 8.8147884e+00
1.0113403e+01 9.8883459e+00 9.6625860e+00 9.4424359e+00 9.2290031e+00 9.0199633e+00 8.8147891e+00
1.0113542e+01 9.8883864e+00 9.6626004e+00 9.4424418e+00 9.2290058e+00 9.0199647e+00 8.8147899e+00
1.0113679e+01 9.8884263e+00 9.6626145e+00 9.4424476e+00 9.2290085e+00 9.0199660e+00 8.8147906e+00
1.0113813e+01 9.8884654e+00 9.6626284e+00 9.4424533e+00 9.2290111e+00 9.0199674e+00 8.8147913e+00
1.0113944e+01 9.8885038e+00 9.6626420e+00 9.4424589e+00 9.2290137e+00 9.0199687e+00 8.8147920e+00
1.0114073e+01 9.8885414e+00 9.6626553e+00 9.4424644e+00 9.2290162e+00 9.0199700e+00 8.8147928e+00
1.0114200e+01 9.8885784e+00 9.6626685e+00 9.4424699e+00 9.2290188e+00 9.0199712e+00 8.8147935e+00
1.0114324e+01 9.8886147e+00 9.6626814e+00 9.4424752e+00 9.2290212e+00 9.0199725e+00 8.8147941e+00
1.0114446e+01 9.8886504e+00 9.6626941e+00 9.4424804e+00 9.2290237e+00 9.0199737e+00 8.8147948e+00
1.0114566e+01 9.8886854e+00 9.6627065e+00 9.4424856e+00 9.2290261e+00 9.0199750e+00 8.8147955e+00
1.0114683e+01 9.8887197e+00 9.6627187e+00 9.4424906e+00 9.2290284e+00 9.0199762e+00 8.8147962e+00
1.0114798e+01 9.8887534e+00 9.6627307e+00 9.4424956e+00 9.2290307e+00 9.0199774e+00 8.8147968e+00
1.0114911e+01 9.8887865e+00 9.6627425e+00 9.4425005e+00 9.2290330e+00 9.0199785e+00 8.8147975e+00
1.0115022e+01 9.8888189e+00 9.6627541e+00 9.4425053e+00 9.2290352e+00 9.0199797e+00 8.8147981e+00
1.0115131e+01 9.8888508e+00 9.6627654e+00 9.4425100e+00 9.2290374e+00 9.0199808e+00 8.8147987e+00
1.0115237e+01 9.8888820e+00 9.6627766e+00 9.4425146e+00 9.2290396e+00 9.0199819e+00 8.8147993e+00
1.0115342e+01 9.8889127e+00 9.6627876e+00 9.4425192e+00 9.2290417e+00 9.0199830e+00 8.8148000e+00
1.0115445e+01 9.8889428e+00 9.6627983e+00 9.4425237e+00 9.2290438e+00 9.0199841e+00 8.8148006e+00
1.0115545e+01 9.8889724e+00 9.6628089e+00 9.4425281e+00 9.2290459e+00 9.0199851e+00 8.8148011e+00
1.0115644e+01 9.8890014e+00 9.6628192e+00 9.4425324e+00 9.2290479e+00 9.0199862e+00 8.8148017e+00
1.0115741e+01 9.8890298e+00 9.6628294e+00 9.4425366e+00 9.2290499e+00 9.0199872e+00 8.8148023e+00
1.0115836e+01 9.8890578e+00 9.6628394e+00 9.4425408e+00 9.2290519e+00 9.0199882e+00 8.8148029e+00
1.0115930e+01 9.8890852e+00 9.6628492e+00 9.4425449e+00 9.2290538e+00 9.0199892e+00 8.8148034e+00
1.0116021e+01 9.8891121e+00 9.6628589e+00 9.4425489e+00 9.2290557e+00 9.0199902e+00 8.8148040e+00
1.0116111e+01 9.8891385e+00 9.6628683e+00 9.4425529e+00 9.2290576e+00 9.0199912e+00 8.8148045e+00
1.0116199e+01 9.8891644e+00 9.6628776e+00 9.4425567e+00 9.2290594e+00 9.0199921e+00 8.8148051e+00
1.0116286e+01 9.8891898e+00 9.6628868e+00 9.4425606e+00 9.2290612e+00 9.0199931e+00 8.8148056e+00
1.0116370e+01 9.8892148e+00 9.6628957e+00 9.4425643e+00 9.2290630e+00 9.0199940e+00 8.8148061e+00
1.0116454e+01 9.8892393e+00 9.6629045e+00 9.4425680e+00 9.2290647e+00 9.0199949e+00 8.8148066e+00
1.0116535e+01 9.8892634e+00 9.6629132e+00 9.4425716e+00 9.2290664e+00 9.0199958e+00 8.8148071e+00
1.0116615e+01 9.8892870e+00 9.6629217e+00 9.4425752e+00 9.2290681e+00 9.0199967e+00 8.8148076e+00
1.0116694e+01 9.8893102e+00 9.6629300e+00 9.4425787e+00 9.2290698e+00 9.0199976e+00 8.8148081e+00
1.0116771e+01 9.8893329e+00 9.6629382e+00 9.4425822e+00 9.2290714e+00 9.0199984e+00 8.8148086e+00
1.0116847e+01 9.8893553e+00 9.6629463e+00 9.4425856e+00 9.2290731e+00 9.0199993e+00 8.8148091e+00
1.0116941e+01 9.8893877e+00 9.6629604e+00 9.4425929e+00 9.2290774e+00 9.0200020e+00 8.8148110e+00
1.0117011e+01 9.8894080e+00 9.6629675e+00 9.4425957e+00 9.2290786e+00 9.0200026e+00 8.8148113e+00
1.0117080e+01 9.8894279e+00 9.6629744e+00 9.4425985e+00 9.2290798e+00 9.0200032e+00 8.8148116e+00
1.0117148e+01 9.8894475e+00 9.6629812e+00 9.4426012e+00 9.2290810e+00 9.0200038e+00 8.8148119e+00
1.0117215e+01 9.8894668e+00 9.6629880e+00 9.4426039e+00 9.2290823e+00 9.0200044e+00 8.8148122e+00
1.0117281e+01 9.8894858e+00 9.6629946e+00 9.4426066e+00 9.2290835e+00 9.0200050e+00 8.8148125e+00
1.0117345e+01 9.8895044e+00 9.6630011e+00 9.4426092e+00 9.2290847e+00 9.0200056e+00 8.8148128e+00
1.0117408e+01 9.8895227e+00 9.6630075e+00 9.4426118e+00 9.2290858e+00 9.0200062e+00 8.8148131e+00
1.0117470e+01 9.8895407e+00 9.6630138e+00 9.4426144e+00 9.2290870e+00 9.0200067e+00 8.8148134e+00
1.0117531e+01 9.8895583e+00 9.6630200e+00 9.4426169e+00 9.2290881e+00 9.0200073e+00 8.8148137e+00
1.0117591e+01 9.8895757e+00 9.6630262e+00 9.4426194e+00 9.2290893e+00 9.0200079e+00 8.8148140e+00
1.0117649e+01 9.8895927e+00 9.6630322e+00 9.4426218e+00 9.2290904e+00 9.0200084e+00 8.8148143e+00
1.0117707e+01 9.8896095e+00 9.6630381e+00 9.4426243e+00 9.2290915e+00 9.0200090e+00 8.8148146e+00
1.0117763e+01 9.8896259e+00 9.6630439e+00 9.4426266e+00 9.2290926e+00 9.0200095e+00 8.8148149e+00
1.0117818e+01 9.8896420e+00 9.6630496e+00 9.4426290e+00 9.2290937e+00 9.0200101e+00 8.8148152e+00
1.0117873e+01 9.8896579e+00 9.6630552e+00 9.4426313e+00 9.2290947e+00 9.0200106e+00 8.8148155e+00
1.0117926e+01 9.8896734e+00 9.6630607e+00 9.4426335e+00 9.2290958e+00 9.0200111e+00 8.8148158e+00
1.0117978e+01 9.8896887e+00 9.6630661e+00 9.4426358e+00 9.2290968e+00 9.0200116e+00 8.8148161e+00
1.0118030e+01 9.8897037e+00 9.6630714e+00 9.4426380e+00 9.2290978e+00 9.0200122e+00 8.8148163e+00
1.0118080e+01 9.8897184e+00 9.6630767e+00 9.4426401e+00 9.2290988e+00 9.0200127e+00 8.8148166e+00
1.0118130e+01 9.8897329e+00 9.6630818e+00 9.4426422e+00 9.2290998e+00 9.0200132e+00 8.8148169e+00
1.0118178e+01 9.8897471e+00 9.6630869e+00 9.4426443e+00 9.2291008e+00 9.0200136e+00 8.8148172e+00
1.0118226e+01 9.8897611e+00 9.6630918e+00 9.4426464e+00 9.2291017e+00 9.0200141e+00 8.8148174e+00
1.0118273e+01 9.8897747e+00 9.6630967e+00 9.4426484e+00 9.2291026e+00 9.0200146e+00 8.8148177e+00
1.0118318e+01 9.8897882e+00 9.6631015e+00 9.4426504e+00 9.2291036e+00 9.0200151e+00 8.8148180e+00
1.0118363e+01 9.8898014e+00 9.6631062e+00 9.4426523e+00 9.2291045e+00 9.0200156e+00 8.8148182e+00
1.0118408e+01 9.8898143e+00 9.6631108e+00 9.4426542e+00 9.2291054e+00 9.0200160e+00 8.8148185e+00
1.0118451e+01 9.8898271e+00 9.6631154e+00 9.4426561e+00 9.2291063e+00 9.0200165e+00 8.8148187e+00
1.0118494e+01 9.8898396e+00 9.6631198e+00 9.4426580e+00 9.2291071e+00 9.0200169e+00 8.8148190e+00
1.0118535e+01 9.8898518e+00 9.6631242e+00 9.4426598e+00 9.2291080e+00 9.0200174e+00 8.8148192e+00
1.0118576e+01 9.8898639e+00 9.6631285e+00 9.4426616e+00 9.2291088e+00 9.0200178e+00 8.8148195e+00
1.0118617e+01 9.8898757e+00 9.6631328e+00 9.4426634e+00 9.2291097e+00 9.0200182e+00 8.8148197e+00
1.0118656e+01 9.8898873e+00 9.6631369e+00 9.4426651e+00 9.2291105e+00 9.0200186e+00 8.8148199e+00
1.0118695e+01 9.8898987e+00 9.6631410e+00 9.4426668e+00 9.2291113e+00 9.0200191e+00 8.8148202e+00
1.0118733e+01 9.8899099e+00 9.6631450e+00 9.4426685e+00 9.2291121e+00 9.0200195e+00 8.8148204e+00
1.0118770e+01 9.8899209e+00 9.6631490e+00 9.4426702e+00 9.2291129e+00 9.0200199e+00 8.8148206e+00
1.0118807e+01 9.8899317e+00 9.6631529e+00 9.4426718e+00 9.2291136e+00 9.0200203e+00 8.8148209e+00
1.0118843e+01 9.8899424e+00 9.6631567e+00 9.4426734e+00 9.2291144e+00 9.0200207e+00 8.8148211e+00
1.0118879e+01 9.8899528e+00 9.6631605e+00 9.4426750e+00 9.2291151e+00 9.0200211e+00 8.8148213e+00
1.0118913e+01 9.8899631e+00 9.6631642e+00 9.4426765e+00 9.2291159e+00 9.0200215e+00 8.8148215e+00
1.0118947e+01 9.8899731e+00 9.6631678e+00 9.4426781e+00 9.2291166e+00 9.0200219e+00 8.8148218e+00
1.0118995e+01 9.8899906e+00 9.6631759e+00 9.4426825e+00 9.2291193e+00 9.0200236e+00 8.8148230e+00
1.0119026e+01 9.8899995e+00 9.6631789e+00 9.4426836e+00 9.2291198e+00 9.0200239e+00 8.8148231e+00
1.0119057e+01 9.8900082e+00 9.6631818e+00 9.4426848e+00 9.2291203e+00 9.0200241e+00 8.8148232e+00
1.0119087e+01 9.8900168e+00 9.6631848e+00 9.4426859e+00 9.2291208e+00 9.0200243e+00 8.8148233e+00
1.0119117e+01 9.8900253e+00 9.6631877e+00 9.4426871e+00 9.2291213e+00 9.0200245e+00 8.8148234e+00
1.0119146e+01 9.8900336e+00 9.6631906e+00 9.4426882e+00 9.2291218e+00 9.0200248e+00 8.8148235e+00
1.0119175e+01 9.8900418e+00 9.6631934e+00 9.4426893e+00 9.2291222e+00 9.0200250e+00 8.8148236e+00
1.0119203e+01 9.8900499e+00 9.6631962e+00 9.4426904e+00 9.2291227e+00 9.0200252e+00 8.8148238e+00
1.0119231e+01 9.8900579e+00 9.6631989e+00 9.4426915e+00 9.2291232e+00 9.0200254e+00 8.8148239e+00
1.0119259e+01 9.8900657e+00 9.6632017e+00 9.4426926e+00 9.2291237e+00 9.0200257e+00 8.8148240e+00
1.0119285e+01 9.8900734e+00 9.6632043e+00 9.4426937e+00 9.2291242e+00 9.0200259e+00 8.8148241e+00
1.0119312e+01 9.8900810e+00 9.6632070e+00 9.4426947e+00 9.2291246e+00 9.0200261e+00 8.8148242e+00
1.0119338e+01 9.8900885e+00 9.6632096e+00 9.4426958e+00 9.2291251e+00 9.0200264e+00 8.8148243e+00
1.0119363e+01 9.8900958e+00 9.6632121e+00 9.4426968e+00 9.2291256e+00 9.0200266e+00 8.8148245e+00
1.0119388e+01 9.8901030e+00 9.6632146e+00 9.4426978e+00 9.2291260e+00 9.0200268e+00 8.8148246e+00
1.0119412e+01 9.8901101e+00 9.6632171e+00 9.4426988e+00 9.2291265e+00 9.0200270e+00 8.8148247e+00
1.0119437e+01 9.8901170e+00 9.6632195e+00 9.4426998e+00 9.2291269e+00 9.0200273e+00 8.8148248e+00
1.0119460e+01 9.8901238e+00 9.6632219e+00 9.4427008e+00 9.2291274e+00 9.0200275e+00 8.8148249e+00
